page_name,property,target_resource,direction,expected_ranges,actual_types
Abraham_Lincoln,child,Edward_Baker_Lincoln,outgoing,http://dbpedia.org/ontology/Person,http://dbpedia.org/ontology/Animal; http://dbpedia.org/ontology/Eukaryote; http://dbpedia.org/ontology/Species
Abraham_Lincoln,child,Tad_Lincoln,outgoing,http://dbpedia.org/ontology/Person,http://dbpedia.org/ontology/Animal; http://dbpedia.org/ontology/Eukaryote; http://dbpedia.org/ontology/Species
Abraham_Lincoln,child,William_Wallace_Lincoln,outgoing,http://dbpedia.org/ontology/Person,http://dbpedia.org/ontology/Animal; http://dbpedia.org/ontology/Eukaryote; http://dbpedia.org/ontology/Species
Abraham_Lincoln,party,Republican_Party_(United_States),outgoing,http://dbpedia.org/ontology/PoliticalParty,http://dbpedia.org/ontology/Agent; http://dbpedia.org/ontology/Organisation
Abraham_Lincoln,party,Whig_Party_(United_States),outgoing,http://dbpedia.org/ontology/PoliticalParty,http://dbpedia.org/ontology/Agent; http://dbpedia.org/ontology/Organisation
Abraham_Lincoln,restingPlace,Lincoln_Tomb,outgoing,http://dbpedia.org/ontology/Place,http://dbpedia.org/ontology/ArchitecturalStructure
Abraham_Lincoln,basedOn,Abraham_Lincoln,incoming,http://dbpedia.org/ontology/Work,http://dbpedia.org/ontology/Person; http://dbpedia.org/ontology/Animal; http://dbpedia.org/ontology/Eukaryote; http://dbpedia.org/ontology/Species
Abraham_Lincoln,notableWork,Abraham_Lincoln,incoming,http://dbpedia.org/ontology/Work,http://dbpedia.org/ontology/Person; http://dbpedia.org/ontology/Animal; http://dbpedia.org/ontology/Eukaryote; http://dbpedia.org/ontology/Species
Abraham_Lincoln,occupation,Abraham_Lincoln,incoming,http://dbpedia.org/ontology/PersonFunction,http://dbpedia.org/ontology/Person; http://dbpedia.org/ontology/Animal; http://dbpedia.org/ontology/Eukaryote; http://dbpedia.org/ontology/Species
Abraham_Lincoln,owner,Abraham_Lincoln,incoming,http://dbpedia.org/ontology/Agent,http://dbpedia.org/ontology/Person; http://dbpedia.org/ontology/Animal; http://dbpedia.org/ontology/Eukaryote; http://dbpedia.org/ontology/Species
Abraham_Lincoln,owningCompany,Abraham_Lincoln,incoming,http://dbpedia.org/ontology/Company,http://dbpedia.org/ontology/Person; http://dbpedia.org/ontology/Animal; http://dbpedia.org/ontology/Eukaryote; http://dbpedia.org/ontology/Species
Andrew_Jackson,award,Congressional_Gold_Medal,outgoing,http://dbpedia.org/ontology/Award,
Andrew_Jackson,award,Thanks_of_Congress,outgoing,http://dbpedia.org/ontology/Award,
Andrew_Jackson,birthPlace,Waxhaws,outgoing,http://dbpedia.org/ontology/Place,
Andrew_Jackson,party,Democratic-Republican_Party,outgoing,http://dbpedia.org/ontology/PoliticalParty,http://dbpedia.org/ontology/Agent; http://dbpedia.org/ontology/Organisation
Andrew_Jackson,party,Democratic_Party_(United_States),outgoing,http://dbpedia.org/ontology/PoliticalParty,http://dbpedia.org/ontology/Agent; http://dbpedia.org/ontology/Organisation
Andrew_Jackson,party,Jacksonian_democracy,outgoing,http://dbpedia.org/ontology/PoliticalParty,http://dbpedia.org/ontology/Agent; http://dbpedia.org/ontology/Organisation
Andrew_Jackson,restingPlace,"The_Hermitage_(Nashville,_Tennessee)",outgoing,http://dbpedia.org/ontology/Place,http://dbpedia.org/ontology/ArchitecturalStructure; http://dbpedia.org/ontology/Building; http://dbpedia.org/ontology/Museum
Andrew_Jackson,spouse,1828_United_States_presidential_election,outgoing,http://dbpedia.org/ontology/Person,http://dbpedia.org/ontology/Event; http://dbpedia.org/ontology/SocietalEvent
Andrew_Jackson,spouse,Rachel_Jackson,outgoing,http://dbpedia.org/ontology/Person,http://dbpedia.org/ontology/Animal; http://dbpedia.org/ontology/Eukaryote; http://dbpedia.org/ontology/Species
Andrew_Jackson,notableWork,Andrew_Jackson,incoming,http://dbpedia.org/ontology/Work,http://dbpedia.org/ontology/Person; http://dbpedia.org/ontology/Animal; http://dbpedia.org/ontology/Eukaryote; http://dbpedia.org/ontology/Species
Andrew_Jackson,party,Andrew_Jackson,incoming,http://dbpedia.org/ontology/PoliticalParty,http://dbpedia.org/ontology/Person; http://dbpedia.org/ontology/Animal; http://dbpedia.org/ontology/Eukaryote; http://dbpedia.org/ontology/Species
Andrew_Jackson,party,Andrew_Jackson,incoming,http://dbpedia.org/ontology/PoliticalParty,http://dbpedia.org/ontology/Person; http://dbpedia.org/ontology/Animal; http://dbpedia.org/ontology/Eukaryote; http://dbpedia.org/ontology/Species
Andrew_Jackson,party,Andrew_Jackson,incoming,http://dbpedia.org/ontology/PoliticalParty,http://dbpedia.org/ontology/Person; http://dbpedia.org/ontology/Animal; http://dbpedia.org/ontology/Eukaryote; http://dbpedia.org/ontology/Species
Andrew_Jackson,party,Andrew_Jackson,incoming,http://dbpedia.org/ontology/PoliticalParty,http://dbpedia.org/ontology/Person; http://dbpedia.org/ontology/Animal; http://dbpedia.org/ontology/Eukaryote; http://dbpedia.org/ontology/Species
Andrew_Jackson,party,Andrew_Jackson,incoming,http://dbpedia.org/ontology/PoliticalParty,http://dbpedia.org/ontology/Person; http://dbpedia.org/ontology/Animal; http://dbpedia.org/ontology/Eukaryote; http://dbpedia.org/ontology/Species
Andrew_Jackson,party,Andrew_Jackson,incoming,http://dbpedia.org/ontology/PoliticalParty,http://dbpedia.org/ontology/Person; http://dbpedia.org/ontology/Animal; http://dbpedia.org/ontology/Eukaryote; http://dbpedia.org/ontology/Species
Andrew_Jackson,party,Andrew_Jackson,incoming,http://dbpedia.org/ontology/PoliticalParty,http://dbpedia.org/ontology/Person; http://dbpedia.org/ontology/Animal; http://dbpedia.org/ontology/Eukaryote; http://dbpedia.org/ontology/Species
Andrew_Jackson,party,Andrew_Jackson,incoming,http://dbpedia.org/ontology/PoliticalParty,http://dbpedia.org/ontology/Person; http://dbpedia.org/ontology/Animal; http://dbpedia.org/ontology/Eukaryote; http://dbpedia.org/ontology/Species
Andrew_Jackson,party,Andrew_Jackson,incoming,http://dbpedia.org/ontology/PoliticalParty,http://dbpedia.org/ontology/Person; http://dbpedia.org/ontology/Animal; http://dbpedia.org/ontology/Eukaryote; http://dbpedia.org/ontology/Species
Andrew_Johnson,child,Martha_Johnson_Patterson,outgoing,http://dbpedia.org/ontology/Person,http://dbpedia.org/ontology/Animal; http://dbpedia.org/ontology/Eukaryote; http://dbpedia.org/ontology/Species
Andrew_Johnson,party,Democratic_Party_(United_States),outgoing,http://dbpedia.org/ontology/PoliticalParty,http://dbpedia.org/ontology/Agent; http://dbpedia.org/ontology/Organisation
Andrew_Johnson,party,Independent_politician,outgoing,http://dbpedia.org/ontology/PoliticalParty,
Andrew_Johnson,party,Working_Men's_Party_(New_York),outgoing,http://dbpedia.org/ontology/PoliticalParty,http://dbpedia.org/ontology/Agent; http://dbpedia.org/ontology/Organisation
Barack_Obama,award,List_of_awards_and_honors_received_by_Barack_Obama,outgoing,http://dbpedia.org/ontology/Award,
Barack_Obama,parent,Barack_Obama_Sr.,outgoing,http://dbpedia.org/ontology/Person,http://dbpedia.org/ontology/Animal; http://dbpedia.org/ontology/Eukaryote; http://dbpedia.org/ontology/Species
Barack_Obama,party,Democratic_Party_(United_States),outgoing,http://dbpedia.org/ontology/PoliticalParty,http://dbpedia.org/ontology/Agent; http://dbpedia.org/ontology/Organisation
Barack_Obama,relation,Family_of_Barack_Obama,outgoing,http://dbpedia.org/ontology/Person,http://dbpedia.org/ontology/Agent; http://dbpedia.org/ontology/Family
Barack_Obama,affiliation,Barack_Obama,incoming,http://dbpedia.org/ontology/Organisation,http://dbpedia.org/ontology/Person; http://dbpedia.org/ontology/Animal; http://dbpedia.org/ontology/Eukaryote; http://dbpedia.org/ontology/Species
Barack_Obama,artist,Barack_Obama,incoming,http://dbpedia.org/ontology/Agent,http://dbpedia.org/ontology/Person; http://dbpedia.org/ontology/Animal; http://dbpedia.org/ontology/Eukaryote; http://dbpedia.org/ontology/Species
Barack_Obama,foundedBy,Barack_Obama,incoming,http://dbpedia.org/ontology/Agent,http://dbpedia.org/ontology/Person; http://dbpedia.org/ontology/Animal; http://dbpedia.org/ontology/Eukaryote; http://dbpedia.org/ontology/Species
Barack_Obama,foundedBy,Barack_Obama,incoming,http://dbpedia.org/ontology/Agent,http://dbpedia.org/ontology/Person; http://dbpedia.org/ontology/Animal; http://dbpedia.org/ontology/Eukaryote; http://dbpedia.org/ontology/Species
Barack_Obama,starring,Barack_Obama,incoming,http://dbpedia.org/ontology/Actor,http://dbpedia.org/ontology/Person; http://dbpedia.org/ontology/Animal; http://dbpedia.org/ontology/Eukaryote; http://dbpedia.org/ontology/Species
Barack_Obama,starring,Barack_Obama,incoming,http://dbpedia.org/ontology/Actor,http://dbpedia.org/ontology/Person; http://dbpedia.org/ontology/Animal; http://dbpedia.org/ontology/Eukaryote; http://dbpedia.org/ontology/Species
Barack_Obama,starring,Barack_Obama,incoming,http://dbpedia.org/ontology/Actor,http://dbpedia.org/ontology/Person; http://dbpedia.org/ontology/Animal; http://dbpedia.org/ontology/Eukaryote; http://dbpedia.org/ontology/Species
Benjamin_Harrison,child,Elizabeth_Harrison_Walker,outgoing,http://dbpedia.org/ontology/Person,http://dbpedia.org/ontology/Animal; http://dbpedia.org/ontology/Eukaryote; http://dbpedia.org/ontology/Species
Benjamin_Harrison,party,Republican_Party_(United_States),outgoing,http://dbpedia.org/ontology/PoliticalParty,http://dbpedia.org/ontology/Agent; http://dbpedia.org/ontology/Organisation
Benjamin_Harrison,party,Whig_Party_(United_States),outgoing,http://dbpedia.org/ontology/PoliticalParty,http://dbpedia.org/ontology/Agent; http://dbpedia.org/ontology/Organisation
Benjamin_Harrison,relation,Harrison_family_of_Virginia,outgoing,http://dbpedia.org/ontology/Person,http://dbpedia.org/ontology/Agent; http://dbpedia.org/ontology/Family
Benjamin_Harrison,spouse,1892_United_States_presidential_election,outgoing,http://dbpedia.org/ontology/Person,http://dbpedia.org/ontology/Event; http://dbpedia.org/ontology/SocietalEvent
Benjamin_Harrison,spouse,Mary_Dimmick_Harrison,outgoing,http://dbpedia.org/ontology/Person,http://dbpedia.org/ontology/Animal; http://dbpedia.org/ontology/Eukaryote; http://dbpedia.org/ontology/Species
Benjamin_Harrison,award,Benjamin_Harrison,incoming,http://dbpedia.org/ontology/Award,http://dbpedia.org/ontology/Person; http://dbpedia.org/ontology/Animal; http://dbpedia.org/ontology/Eukaryote; http://dbpedia.org/ontology/Species
Bill_Clinton,award,List_of_awards_and_honors_received_by_Bill_Clinton,outgoing,http://dbpedia.org/ontology/Award,
Bill_Clinton,child,Chelsea_Clinton,outgoing,http://dbpedia.org/ontology/Person,http://dbpedia.org/ontology/Animal; http://dbpedia.org/ontology/Eukaryote; http://dbpedia.org/ontology/Species
Bill_Clinton,parent,Virginia_Clinton_Kelley,outgoing,http://dbpedia.org/ontology/Person,http://dbpedia.org/ontology/Animal; http://dbpedia.org/ontology/Eukaryote; http://dbpedia.org/ontology/Species
Bill_Clinton,parent,William_Jefferson_Blythe_Jr.,outgoing,http://dbpedia.org/ontology/Person,http://dbpedia.org/ontology/Animal; http://dbpedia.org/ontology/Eukaryote; http://dbpedia.org/ontology/Species
Bill_Clinton,party,Democratic_Party_(United_States),outgoing,http://dbpedia.org/ontology/PoliticalParty,http://dbpedia.org/ontology/Agent; http://dbpedia.org/ontology/Organisation
Bill_Clinton,relation,Clinton_family,outgoing,http://dbpedia.org/ontology/Person,http://dbpedia.org/ontology/Agent; http://dbpedia.org/ontology/Family
Bill_Clinton,award,Bill_Clinton,incoming,http://dbpedia.org/ontology/Award,http://dbpedia.org/ontology/Person; http://dbpedia.org/ontology/Animal; http://dbpedia.org/ontology/Eukaryote; http://dbpedia.org/ontology/Species
Bill_Clinton,foundedBy,Bill_Clinton,incoming,http://dbpedia.org/ontology/Agent,http://dbpedia.org/ontology/Person; http://dbpedia.org/ontology/Animal; http://dbpedia.org/ontology/Eukaryote; http://dbpedia.org/ontology/Species
Bill_Clinton,foundedBy,Bill_Clinton,incoming,http://dbpedia.org/ontology/Agent,http://dbpedia.org/ontology/Person; http://dbpedia.org/ontology/Animal; http://dbpedia.org/ontology/Eukaryote; http://dbpedia.org/ontology/Species
Bill_Clinton,foundedBy,Bill_Clinton,incoming,http://dbpedia.org/ontology/Agent,http://dbpedia.org/ontology/Person; http://dbpedia.org/ontology/Animal; http://dbpedia.org/ontology/Eukaryote; http://dbpedia.org/ontology/Species
Bill_Clinton,foundedBy,Bill_Clinton,incoming,http://dbpedia.org/ontology/Agent,http://dbpedia.org/ontology/Person; http://dbpedia.org/ontology/Animal; http://dbpedia.org/ontology/Eukaryote; http://dbpedia.org/ontology/Species
Bill_Clinton,owner,Bill_Clinton,incoming,http://dbpedia.org/ontology/Agent,http://dbpedia.org/ontology/Person; http://dbpedia.org/ontology/Animal; http://dbpedia.org/ontology/Eukaryote; http://dbpedia.org/ontology/Species
Bill_Clinton,starring,Bill_Clinton,incoming,http://dbpedia.org/ontology/Actor,http://dbpedia.org/ontology/Person; http://dbpedia.org/ontology/Animal; http://dbpedia.org/ontology/Eukaryote; http://dbpedia.org/ontology/Species
Bill_Clinton,starring,Bill_Clinton,incoming,http://dbpedia.org/ontology/Actor,http://dbpedia.org/ontology/Person; http://dbpedia.org/ontology/Animal; http://dbpedia.org/ontology/Eukaryote; http://dbpedia.org/ontology/Species
Bill_Clinton,starring,Bill_Clinton,incoming,http://dbpedia.org/ontology/Actor,http://dbpedia.org/ontology/Person; http://dbpedia.org/ontology/Animal; http://dbpedia.org/ontology/Eukaryote; http://dbpedia.org/ontology/Species
Bill_Clinton,starring,Bill_Clinton,incoming,http://dbpedia.org/ontology/Actor,http://dbpedia.org/ontology/Person; http://dbpedia.org/ontology/Animal; http://dbpedia.org/ontology/Eukaryote; http://dbpedia.org/ontology/Species
Calvin_Coolidge,birthPlace,"Plymouth_Notch,_Vermont",outgoing,http://dbpedia.org/ontology/Place,
Calvin_Coolidge,child,John_Coolidge,outgoing,http://dbpedia.org/ontology/Person,http://dbpedia.org/ontology/Animal; http://dbpedia.org/ontology/Eukaryote; http://dbpedia.org/ontology/Species
Calvin_Coolidge,party,Republican_Party_(United_States),outgoing,http://dbpedia.org/ontology/PoliticalParty,http://dbpedia.org/ontology/Agent; http://dbpedia.org/ontology/Organisation
Calvin_Coolidge,occupation,Calvin_Coolidge,incoming,http://dbpedia.org/ontology/PersonFunction,http://dbpedia.org/ontology/Person; http://dbpedia.org/ontology/Animal; http://dbpedia.org/ontology/Eukaryote; http://dbpedia.org/ontology/Species
Chester_A._Arthur,child,Chester_Alan_Arthur_II,outgoing,http://dbpedia.org/ontology/Person,http://dbpedia.org/ontology/Animal; http://dbpedia.org/ontology/Eukaryote; http://dbpedia.org/ontology/Species
Chester_A._Arthur,father,William_Arthur_(clergyman),outgoing,http://dbpedia.org/ontology/Person,http://dbpedia.org/ontology/Animal; http://dbpedia.org/ontology/Eukaryote; http://dbpedia.org/ontology/Species
Chester_A._Arthur,party,Republican_Party_(United_States),outgoing,http://dbpedia.org/ontology/PoliticalParty,http://dbpedia.org/ontology/Agent; http://dbpedia.org/ontology/Organisation
Chester_A._Arthur,party,Whig_Party_(United_States),outgoing,http://dbpedia.org/ontology/PoliticalParty,http://dbpedia.org/ontology/Agent; http://dbpedia.org/ontology/Organisation
Chester_A._Arthur,relation,Gavin_Arthur,outgoing,http://dbpedia.org/ontology/Person,http://dbpedia.org/ontology/Animal; http://dbpedia.org/ontology/Eukaryote; http://dbpedia.org/ontology/Species
Chester_A._Arthur,spouse,1880_United_States_presidential_election,outgoing,http://dbpedia.org/ontology/Person,http://dbpedia.org/ontology/Event; http://dbpedia.org/ontology/SocietalEvent
Chester_A._Arthur,spouse,Nell_Arthur,outgoing,http://dbpedia.org/ontology/Person,http://dbpedia.org/ontology/Animal; http://dbpedia.org/ontology/Eukaryote; http://dbpedia.org/ontology/Species
Donald_Trump,child,Donald_Trump_Jr.,outgoing,http://dbpedia.org/ontology/Person,http://dbpedia.org/ontology/Animal; http://dbpedia.org/ontology/Eukaryote; http://dbpedia.org/ontology/Species
Donald_Trump,child,Eric_Trump,outgoing,http://dbpedia.org/ontology/Person,http://dbpedia.org/ontology/Animal; http://dbpedia.org/ontology/Eukaryote; http://dbpedia.org/ontology/Species
Donald_Trump,child,Family_of_Donald_Trump,outgoing,http://dbpedia.org/ontology/Person,http://dbpedia.org/ontology/Agent; http://dbpedia.org/ontology/Family
Donald_Trump,child,Tiffany_Trump,outgoing,http://dbpedia.org/ontology/Person,http://dbpedia.org/ontology/Animal; http://dbpedia.org/ontology/Eukaryote; http://dbpedia.org/ontology/Species
Donald_Trump,occupation,Business_career_of_Donald_Trump,outgoing,http://dbpedia.org/ontology/PersonFunction,
Donald_Trump,occupation,Media_career_of_Donald_Trump,outgoing,http://dbpedia.org/ontology/PersonFunction,
Donald_Trump,occupation,Political_career_of_Donald_Trump,outgoing,http://dbpedia.org/ontology/PersonFunction,
Donald_Trump,parent,Fred_Trump,outgoing,http://dbpedia.org/ontology/Person,http://dbpedia.org/ontology/Animal; http://dbpedia.org/ontology/Eukaryote; http://dbpedia.org/ontology/Species
Donald_Trump,party,Democratic_Party_(United_States),outgoing,http://dbpedia.org/ontology/PoliticalParty,http://dbpedia.org/ontology/Agent; http://dbpedia.org/ontology/Organisation
Donald_Trump,party,Independent_politician,outgoing,http://dbpedia.org/ontology/PoliticalParty,
Donald_Trump,party,Reform_Party_of_the_United_States_of_America,outgoing,http://dbpedia.org/ontology/PoliticalParty,http://dbpedia.org/ontology/Agent; http://dbpedia.org/ontology/Organisation
Donald_Trump,party,Republican_Party_(United_States),outgoing,http://dbpedia.org/ontology/PoliticalParty,http://dbpedia.org/ontology/Agent; http://dbpedia.org/ontology/Organisation
Donald_Trump,relation,Family_of_Donald_Trump,outgoing,http://dbpedia.org/ontology/Person,http://dbpedia.org/ontology/Agent; http://dbpedia.org/ontology/Family
Donald_Trump,residence,White_House,outgoing,http://dbpedia.org/ontology/Place,http://dbpedia.org/ontology/ArchitecturalStructure
Donald_Trump,spouse,Marla_Maples,outgoing,http://dbpedia.org/ontology/Person,http://dbpedia.org/ontology/Animal; http://dbpedia.org/ontology/Eukaryote; http://dbpedia.org/ontology/Species
Donald_Trump,affiliation,Donald_Trump,incoming,http://dbpedia.org/ontology/Organisation,http://dbpedia.org/ontology/Person; http://dbpedia.org/ontology/Animal; http://dbpedia.org/ontology/Eukaryote; http://dbpedia.org/ontology/Species
Donald_Trump,artist,Donald_Trump,incoming,http://dbpedia.org/ontology/Agent,http://dbpedia.org/ontology/Person; http://dbpedia.org/ontology/Animal; http://dbpedia.org/ontology/Eukaryote; http://dbpedia.org/ontology/Species
Donald_Trump,creator,Donald_Trump,incoming,http://dbpedia.org/ontology/Agent,http://dbpedia.org/ontology/Person; http://dbpedia.org/ontology/Animal; http://dbpedia.org/ontology/Eukaryote; http://dbpedia.org/ontology/Species
Donald_Trump,developer,Donald_Trump,incoming,http://dbpedia.org/ontology/Agent,http://dbpedia.org/ontology/Person; http://dbpedia.org/ontology/Animal; http://dbpedia.org/ontology/Eukaryote; http://dbpedia.org/ontology/Species
Donald_Trump,developer,Donald_Trump,incoming,http://dbpedia.org/ontology/Agent,http://dbpedia.org/ontology/Person; http://dbpedia.org/ontology/Animal; http://dbpedia.org/ontology/Eukaryote; http://dbpedia.org/ontology/Species
Donald_Trump,developer,Donald_Trump,incoming,http://dbpedia.org/ontology/Agent,http://dbpedia.org/ontology/Person; http://dbpedia.org/ontology/Animal; http://dbpedia.org/ontology/Eukaryote; http://dbpedia.org/ontology/Species
Donald_Trump,employer,Donald_Trump,incoming,http://dbpedia.org/ontology/Organisation,http://dbpedia.org/ontology/Person; http://dbpedia.org/ontology/Animal; http://dbpedia.org/ontology/Eukaryote; http://dbpedia.org/ontology/Species
Donald_Trump,foundedBy,Donald_Trump,incoming,http://dbpedia.org/ontology/Agent,http://dbpedia.org/ontology/Person; http://dbpedia.org/ontology/Animal; http://dbpedia.org/ontology/Eukaryote; http://dbpedia.org/ontology/Species
Donald_Trump,foundedBy,Donald_Trump,incoming,http://dbpedia.org/ontology/Agent,http://dbpedia.org/ontology/Person; http://dbpedia.org/ontology/Animal; http://dbpedia.org/ontology/Eukaryote; http://dbpedia.org/ontology/Species
Donald_Trump,foundedBy,Donald_Trump,incoming,http://dbpedia.org/ontology/Agent,http://dbpedia.org/ontology/Person; http://dbpedia.org/ontology/Animal; http://dbpedia.org/ontology/Eukaryote; http://dbpedia.org/ontology/Species
Donald_Trump,foundedBy,Donald_Trump,incoming,http://dbpedia.org/ontology/Agent,http://dbpedia.org/ontology/Person; http://dbpedia.org/ontology/Animal; http://dbpedia.org/ontology/Eukaryote; http://dbpedia.org/ontology/Species
Donald_Trump,foundedBy,Donald_Trump,incoming,http://dbpedia.org/ontology/Agent,http://dbpedia.org/ontology/Person; http://dbpedia.org/ontology/Animal; http://dbpedia.org/ontology/Eukaryote; http://dbpedia.org/ontology/Species
Donald_Trump,owner,Donald_Trump,incoming,http://dbpedia.org/ontology/Agent,http://dbpedia.org/ontology/Person; http://dbpedia.org/ontology/Animal; http://dbpedia.org/ontology/Eukaryote; http://dbpedia.org/ontology/Species
Donald_Trump,owner,Donald_Trump,incoming,http://dbpedia.org/ontology/Agent,http://dbpedia.org/ontology/Person; http://dbpedia.org/ontology/Animal; http://dbpedia.org/ontology/Eukaryote; http://dbpedia.org/ontology/Species
Donald_Trump,owner,Donald_Trump,incoming,http://dbpedia.org/ontology/Agent,http://dbpedia.org/ontology/Person; http://dbpedia.org/ontology/Animal; http://dbpedia.org/ontology/Eukaryote; http://dbpedia.org/ontology/Species
Donald_Trump,owningCompany,Donald_Trump,incoming,http://dbpedia.org/ontology/Company,http://dbpedia.org/ontology/Person; http://dbpedia.org/ontology/Animal; http://dbpedia.org/ontology/Eukaryote; http://dbpedia.org/ontology/Species
Donald_Trump,owningCompany,Donald_Trump,incoming,http://dbpedia.org/ontology/Company,http://dbpedia.org/ontology/Person; http://dbpedia.org/ontology/Animal; http://dbpedia.org/ontology/Eukaryote; http://dbpedia.org/ontology/Species
Donald_Trump,politician,Donald_Trump,incoming,http://dbpedia.org/ontology/Politician,http://dbpedia.org/ontology/Person; http://dbpedia.org/ontology/Animal; http://dbpedia.org/ontology/Eukaryote; http://dbpedia.org/ontology/Species
Donald_Trump,producer,Donald_Trump,incoming,http://dbpedia.org/ontology/Agent,http://dbpedia.org/ontology/Person; http://dbpedia.org/ontology/Animal; http://dbpedia.org/ontology/Eukaryote; http://dbpedia.org/ontology/Species
Donald_Trump,starring,Donald_Trump,incoming,http://dbpedia.org/ontology/Actor,http://dbpedia.org/ontology/Person; http://dbpedia.org/ontology/Animal; http://dbpedia.org/ontology/Eukaryote; http://dbpedia.org/ontology/Species
Donald_Trump,starring,Donald_Trump,incoming,http://dbpedia.org/ontology/Actor,http://dbpedia.org/ontology/Person; http://dbpedia.org/ontology/Animal; http://dbpedia.org/ontology/Eukaryote; http://dbpedia.org/ontology/Species
Donald_Trump,starring,Donald_Trump,incoming,http://dbpedia.org/ontology/Actor,http://dbpedia.org/ontology/Person; http://dbpedia.org/ontology/Animal; http://dbpedia.org/ontology/Eukaryote; http://dbpedia.org/ontology/Species
Donald_Trump,starring,Donald_Trump,incoming,http://dbpedia.org/ontology/Actor,http://dbpedia.org/ontology/Person; http://dbpedia.org/ontology/Animal; http://dbpedia.org/ontology/Eukaryote; http://dbpedia.org/ontology/Species
Donald_Trump,starring,Donald_Trump,incoming,http://dbpedia.org/ontology/Actor,http://dbpedia.org/ontology/Person; http://dbpedia.org/ontology/Animal; http://dbpedia.org/ontology/Eukaryote; http://dbpedia.org/ontology/Species
Dwight_D._Eisenhower,occupation,Military_career_of_Dwight_D._Eisenhower,outgoing,http://dbpedia.org/ontology/PersonFunction,http://dbpedia.org/ontology/Person; http://dbpedia.org/ontology/Animal; http://dbpedia.org/ontology/Eukaryote; http://dbpedia.org/ontology/Species
Dwight_D._Eisenhower,party,Democratic_Party_(United_States),outgoing,http://dbpedia.org/ontology/PoliticalParty,http://dbpedia.org/ontology/Agent; http://dbpedia.org/ontology/Organisation
Dwight_D._Eisenhower,party,Republican_Party_(United_States),outgoing,http://dbpedia.org/ontology/PoliticalParty,http://dbpedia.org/ontology/Agent; http://dbpedia.org/ontology/Organisation
Dwight_D._Eisenhower,restingPlace,"Dwight_D._Eisenhower_Presidential_Library,_Museum_and_Boyhood_Home",outgoing,http://dbpedia.org/ontology/Place,http://dbpedia.org/ontology/Agent; http://dbpedia.org/ontology/ArchitecturalStructure; http://dbpedia.org/ontology/EducationalInstitution; http://dbpedia.org/ontology/Library; http://dbpedia.org/ontology/Museum; http://dbpedia.org/ontology/Organisation
Dwight_D._Eisenhower,foundedBy,Dwight_D._Eisenhower,incoming,http://dbpedia.org/ontology/Agent,http://dbpedia.org/ontology/Person; http://dbpedia.org/ontology/Animal; http://dbpedia.org/ontology/Eukaryote; http://dbpedia.org/ontology/Species
Dwight_D._Eisenhower,foundedBy,Dwight_D._Eisenhower,incoming,http://dbpedia.org/ontology/Agent,http://dbpedia.org/ontology/Person; http://dbpedia.org/ontology/Animal; http://dbpedia.org/ontology/Eukaryote; http://dbpedia.org/ontology/Species
Dwight_D._Eisenhower,foundedBy,Dwight_D._Eisenhower,incoming,http://dbpedia.org/ontology/Agent,http://dbpedia.org/ontology/Person; http://dbpedia.org/ontology/Animal; http://dbpedia.org/ontology/Eukaryote; http://dbpedia.org/ontology/Species
Dwight_D._Eisenhower,starring,Dwight_D._Eisenhower,incoming,http://dbpedia.org/ontology/Actor,http://dbpedia.org/ontology/Person; http://dbpedia.org/ontology/Animal; http://dbpedia.org/ontology/Eukaryote; http://dbpedia.org/ontology/Species
Franklin_D._Roosevelt,child,Anna_Roosevelt_Halsted,outgoing,http://dbpedia.org/ontology/Person,http://dbpedia.org/ontology/Animal; http://dbpedia.org/ontology/Eukaryote; http://dbpedia.org/ontology/Species
Franklin_D._Roosevelt,child,John_Aspinwall_Roosevelt,outgoing,http://dbpedia.org/ontology/Person,http://dbpedia.org/ontology/Animal; http://dbpedia.org/ontology/Eukaryote; http://dbpedia.org/ontology/Species
Franklin_D._Roosevelt,parent,James_Roosevelt_I,outgoing,http://dbpedia.org/ontology/Person,http://dbpedia.org/ontology/Animal; http://dbpedia.org/ontology/Eukaryote; http://dbpedia.org/ontology/Species
Franklin_D._Roosevelt,parent,Sara_Roosevelt,outgoing,http://dbpedia.org/ontology/Person,http://dbpedia.org/ontology/Animal; http://dbpedia.org/ontology/Eukaryote; http://dbpedia.org/ontology/Species
Franklin_D._Roosevelt,party,Democratic_Party_(United_States),outgoing,http://dbpedia.org/ontology/PoliticalParty,http://dbpedia.org/ontology/Agent; http://dbpedia.org/ontology/Organisation
Franklin_D._Roosevelt,relation,Delano_family,outgoing,http://dbpedia.org/ontology/Person,http://dbpedia.org/ontology/Agent; http://dbpedia.org/ontology/Family
Franklin_D._Roosevelt,relation,Roosevelt_family,outgoing,http://dbpedia.org/ontology/Person,http://dbpedia.org/ontology/Agent; http://dbpedia.org/ontology/Family
Franklin_D._Roosevelt,restingPlace,Home_of_Franklin_D._Roosevelt_National_Historic_Site,outgoing,http://dbpedia.org/ontology/Place,http://dbpedia.org/ontology/ArchitecturalStructure
Franklin_D._Roosevelt,architect,Franklin_D._Roosevelt,incoming,http://dbpedia.org/ontology/Architect,http://dbpedia.org/ontology/Person; http://dbpedia.org/ontology/Animal; http://dbpedia.org/ontology/Eukaryote; http://dbpedia.org/ontology/Species
Franklin_D._Roosevelt,foundedBy,Franklin_D._Roosevelt,incoming,http://dbpedia.org/ontology/Agent,http://dbpedia.org/ontology/Person; http://dbpedia.org/ontology/Animal; http://dbpedia.org/ontology/Eukaryote; http://dbpedia.org/ontology/Species
Franklin_D._Roosevelt,foundedBy,Franklin_D._Roosevelt,incoming,http://dbpedia.org/ontology/Agent,http://dbpedia.org/ontology/Person; http://dbpedia.org/ontology/Animal; http://dbpedia.org/ontology/Eukaryote; http://dbpedia.org/ontology/Species
Franklin_D._Roosevelt,foundedBy,Franklin_D._Roosevelt,incoming,http://dbpedia.org/ontology/Agent,http://dbpedia.org/ontology/Person; http://dbpedia.org/ontology/Animal; http://dbpedia.org/ontology/Eukaryote; http://dbpedia.org/ontology/Species
Franklin_D._Roosevelt,occupation,Franklin_D._Roosevelt,incoming,http://dbpedia.org/ontology/PersonFunction,http://dbpedia.org/ontology/Person; http://dbpedia.org/ontology/Animal; http://dbpedia.org/ontology/Eukaryote; http://dbpedia.org/ontology/Species
Franklin_D._Roosevelt,owner,Franklin_D._Roosevelt,incoming,http://dbpedia.org/ontology/Agent,http://dbpedia.org/ontology/Person; http://dbpedia.org/ontology/Animal; http://dbpedia.org/ontology/Eukaryote; http://dbpedia.org/ontology/Species
Franklin_Pierce,party,Democratic_Party_(United_States),outgoing,http://dbpedia.org/ontology/PoliticalParty,http://dbpedia.org/ontology/Agent; http://dbpedia.org/ontology/Organisation
George_H._W._Bush,award,List_of_awards_and_honors_received_by_George_H._W._Bush,outgoing,http://dbpedia.org/ontology/Award,
George_H._W._Bush,child,Dorothy_Bush_Koch,outgoing,http://dbpedia.org/ontology/Person,http://dbpedia.org/ontology/Animal; http://dbpedia.org/ontology/Eukaryote; http://dbpedia.org/ontology/Species
George_H._W._Bush,child,Marvin_Bush,outgoing,http://dbpedia.org/ontology/Person,http://dbpedia.org/ontology/Animal; http://dbpedia.org/ontology/Eukaryote; http://dbpedia.org/ontology/Species
George_H._W._Bush,child,Neil_Bush,outgoing,http://dbpedia.org/ontology/Person,http://dbpedia.org/ontology/Animal; http://dbpedia.org/ontology/Eukaryote; http://dbpedia.org/ontology/Species
George_H._W._Bush,party,Republican_Party_(United_States),outgoing,http://dbpedia.org/ontology/PoliticalParty,http://dbpedia.org/ontology/Agent; http://dbpedia.org/ontology/Organisation
George_H._W._Bush,relation,Bush_family,outgoing,http://dbpedia.org/ontology/Person,
George_H._W._Bush,restingPlace,George_H.W._Bush_Presidential_Library_and_Museum,outgoing,http://dbpedia.org/ontology/Place,http://dbpedia.org/ontology/Agent; http://dbpedia.org/ontology/ArchitecturalStructure; http://dbpedia.org/ontology/EducationalInstitution; http://dbpedia.org/ontology/Library; http://dbpedia.org/ontology/Museum; http://dbpedia.org/ontology/Organisation
George_H._W._Bush,starring,George_H._W._Bush,incoming,http://dbpedia.org/ontology/Actor,http://dbpedia.org/ontology/Person; http://dbpedia.org/ontology/Animal; http://dbpedia.org/ontology/Eukaryote; http://dbpedia.org/ontology/Species
George_W._Bush,award,List_of_awards_and_honors_received_by_George_W._Bush,outgoing,http://dbpedia.org/ontology/Award,
George_W._Bush,child,Barbara_Bush_(born_1981),outgoing,http://dbpedia.org/ontology/Person,http://dbpedia.org/ontology/Animal; http://dbpedia.org/ontology/Eukaryote; http://dbpedia.org/ontology/Species
George_W._Bush,party,Republican_Party_(United_States),outgoing,http://dbpedia.org/ontology/PoliticalParty,http://dbpedia.org/ontology/Agent; http://dbpedia.org/ontology/Organisation
George_W._Bush,relation,Bush_family,outgoing,http://dbpedia.org/ontology/Person,
George_W._Bush,foundedBy,George_W._Bush,incoming,http://dbpedia.org/ontology/Agent,http://dbpedia.org/ontology/Person; http://dbpedia.org/ontology/Animal; http://dbpedia.org/ontology/Eukaryote; http://dbpedia.org/ontology/Species
George_W._Bush,foundedBy,George_W._Bush,incoming,http://dbpedia.org/ontology/Agent,http://dbpedia.org/ontology/Person; http://dbpedia.org/ontology/Animal; http://dbpedia.org/ontology/Eukaryote; http://dbpedia.org/ontology/Species
George_W._Bush,starring,George_W._Bush,incoming,http://dbpedia.org/ontology/Actor,http://dbpedia.org/ontology/Person; http://dbpedia.org/ontology/Animal; http://dbpedia.org/ontology/Eukaryote; http://dbpedia.org/ontology/Species
George_W._Bush,starring,George_W._Bush,incoming,http://dbpedia.org/ontology/Actor,http://dbpedia.org/ontology/Person; http://dbpedia.org/ontology/Animal; http://dbpedia.org/ontology/Eukaryote; http://dbpedia.org/ontology/Species
George_W._Bush,starring,George_W._Bush,incoming,http://dbpedia.org/ontology/Actor,http://dbpedia.org/ontology/Person; http://dbpedia.org/ontology/Animal; http://dbpedia.org/ontology/Eukaryote; http://dbpedia.org/ontology/Species
George_W._Bush,starring,George_W._Bush,incoming,http://dbpedia.org/ontology/Actor,http://dbpedia.org/ontology/Person; http://dbpedia.org/ontology/Animal; http://dbpedia.org/ontology/Eukaryote; http://dbpedia.org/ontology/Species
George_Washington,award,Congressional_Gold_Medal,outgoing,http://dbpedia.org/ontology/Award,
George_Washington,award,Thanks_of_Congress,outgoing,http://dbpedia.org/ontology/Award,
George_Washington,party,Independent_politician,outgoing,http://dbpedia.org/ontology/PoliticalParty,
George_Washington,relation,Washington_family,outgoing,http://dbpedia.org/ontology/Person,http://dbpedia.org/ontology/Agent; http://dbpedia.org/ontology/Family
George_Washington,country,George_Washington,incoming,http://dbpedia.org/ontology/Country,http://dbpedia.org/ontology/Person; http://dbpedia.org/ontology/Animal; http://dbpedia.org/ontology/Eukaryote; http://dbpedia.org/ontology/Species
George_Washington,employer,George_Washington,incoming,http://dbpedia.org/ontology/Organisation,http://dbpedia.org/ontology/Person; http://dbpedia.org/ontology/Animal; http://dbpedia.org/ontology/Eukaryote; http://dbpedia.org/ontology/Species
George_Washington,foundedBy,George_Washington,incoming,http://dbpedia.org/ontology/Agent,http://dbpedia.org/ontology/Person; http://dbpedia.org/ontology/Animal; http://dbpedia.org/ontology/Eukaryote; http://dbpedia.org/ontology/Species
George_Washington,foundedBy,George_Washington,incoming,http://dbpedia.org/ontology/Agent,http://dbpedia.org/ontology/Person; http://dbpedia.org/ontology/Animal; http://dbpedia.org/ontology/Eukaryote; http://dbpedia.org/ontology/Species
George_Washington,militaryUnit,George_Washington,incoming,http://dbpedia.org/ontology/MilitaryUnit,http://dbpedia.org/ontology/Person; http://dbpedia.org/ontology/Animal; http://dbpedia.org/ontology/Eukaryote; http://dbpedia.org/ontology/Species
George_Washington,notableWork,George_Washington,incoming,http://dbpedia.org/ontology/Work,http://dbpedia.org/ontology/Person; http://dbpedia.org/ontology/Animal; http://dbpedia.org/ontology/Eukaryote; http://dbpedia.org/ontology/Species
George_Washington,occupation,George_Washington,incoming,http://dbpedia.org/ontology/PersonFunction,http://dbpedia.org/ontology/Person; http://dbpedia.org/ontology/Animal; http://dbpedia.org/ontology/Eukaryote; http://dbpedia.org/ontology/Species
George_Washington,publisher,George_Washington,incoming,http://dbpedia.org/ontology/Agent,http://dbpedia.org/ontology/Person; http://dbpedia.org/ontology/Animal; http://dbpedia.org/ontology/Eukaryote; http://dbpedia.org/ontology/Species
George_Washington,restingPlace,George_Washington,incoming,http://dbpedia.org/ontology/Place,http://dbpedia.org/ontology/Person; http://dbpedia.org/ontology/Animal; http://dbpedia.org/ontology/Eukaryote; http://dbpedia.org/ontology/Species
Gerald_Ford,child,Steven_Ford,outgoing,http://dbpedia.org/ontology/Person,http://dbpedia.org/ontology/Animal; http://dbpedia.org/ontology/Eukaryote; http://dbpedia.org/ontology/Species
Gerald_Ford,parent,Dorothy_Ayer_Gardner_Ford,outgoing,http://dbpedia.org/ontology/Person,http://dbpedia.org/ontology/Animal; http://dbpedia.org/ontology/Eukaryote; http://dbpedia.org/ontology/Species
Gerald_Ford,parent,Leslie_Lynch_King_Sr.,outgoing,http://dbpedia.org/ontology/Person,http://dbpedia.org/ontology/Animal; http://dbpedia.org/ontology/Eukaryote; http://dbpedia.org/ontology/Species
Gerald_Ford,party,Republican_Party_(United_States),outgoing,http://dbpedia.org/ontology/PoliticalParty,http://dbpedia.org/ontology/Agent; http://dbpedia.org/ontology/Organisation
Gerald_Ford,restingPlace,Gerald_R._Ford_Presidential_Museum,outgoing,http://dbpedia.org/ontology/Place,http://dbpedia.org/ontology/ArchitecturalStructure; http://dbpedia.org/ontology/Museum
Gerald_Ford,foundedBy,Gerald_Ford,incoming,http://dbpedia.org/ontology/Agent,http://dbpedia.org/ontology/Person; http://dbpedia.org/ontology/Animal; http://dbpedia.org/ontology/Eukaryote; http://dbpedia.org/ontology/Species
Grover_Cleveland,child,Esther_Cleveland,outgoing,http://dbpedia.org/ontology/Person,http://dbpedia.org/ontology/Animal; http://dbpedia.org/ontology/Eukaryote; http://dbpedia.org/ontology/Species
Grover_Cleveland,child,Francis_Cleveland,outgoing,http://dbpedia.org/ontology/Person,http://dbpedia.org/ontology/Animal; http://dbpedia.org/ontology/Eukaryote; http://dbpedia.org/ontology/Species
Grover_Cleveland,child,Richard_F._Cleveland,outgoing,http://dbpedia.org/ontology/Person,http://dbpedia.org/ontology/Animal; http://dbpedia.org/ontology/Eukaryote; http://dbpedia.org/ontology/Species
Grover_Cleveland,child,Ruth_Cleveland,outgoing,http://dbpedia.org/ontology/Person,http://dbpedia.org/ontology/Animal; http://dbpedia.org/ontology/Eukaryote; http://dbpedia.org/ontology/Species
Grover_Cleveland,deathPlace,"Princeton,_New_Jersey",outgoing,http://dbpedia.org/ontology/Place,
Grover_Cleveland,father,Richard_Falley_Cleveland,outgoing,http://dbpedia.org/ontology/Person,http://dbpedia.org/ontology/Animal; http://dbpedia.org/ontology/Eukaryote; http://dbpedia.org/ontology/Species
Grover_Cleveland,party,Democratic_Party_(United_States),outgoing,http://dbpedia.org/ontology/PoliticalParty,http://dbpedia.org/ontology/Agent; http://dbpedia.org/ontology/Organisation
Grover_Cleveland,relation,Richard_Falley_Jr.,outgoing,http://dbpedia.org/ontology/Person,http://dbpedia.org/ontology/Animal; http://dbpedia.org/ontology/Eukaryote; http://dbpedia.org/ontology/Species
Grover_Cleveland,ideology,Grover_Cleveland,incoming,http://dbpedia.org/ontology/Ideology,http://dbpedia.org/ontology/Person; http://dbpedia.org/ontology/Animal; http://dbpedia.org/ontology/Eukaryote; http://dbpedia.org/ontology/Species
Grover_Cleveland,owner,Grover_Cleveland,incoming,http://dbpedia.org/ontology/Agent,http://dbpedia.org/ontology/Person; http://dbpedia.org/ontology/Animal; http://dbpedia.org/ontology/Eukaryote; http://dbpedia.org/ontology/Species
Harry_S._Truman,party,Democratic_Party_(United_States),outgoing,http://dbpedia.org/ontology/PoliticalParty,http://dbpedia.org/ontology/Agent; http://dbpedia.org/ontology/Organisation
Harry_S._Truman,restingPlace,Harry_S._Truman_Presidential_Library_and_Museum,outgoing,http://dbpedia.org/ontology/Place,http://dbpedia.org/ontology/Agent; http://dbpedia.org/ontology/ArchitecturalStructure; http://dbpedia.org/ontology/EducationalInstitution; http://dbpedia.org/ontology/Library; http://dbpedia.org/ontology/Museum; http://dbpedia.org/ontology/Organisation
Harry_S._Truman,award,Harry_S._Truman,incoming,http://dbpedia.org/ontology/Award,http://dbpedia.org/ontology/Person; http://dbpedia.org/ontology/Animal; http://dbpedia.org/ontology/Eukaryote; http://dbpedia.org/ontology/Species
Harry_S._Truman,employer,Harry_S._Truman,incoming,http://dbpedia.org/ontology/Organisation,http://dbpedia.org/ontology/Person; http://dbpedia.org/ontology/Animal; http://dbpedia.org/ontology/Eukaryote; http://dbpedia.org/ontology/Species
Harry_S._Truman,notableWork,Harry_S._Truman,incoming,http://dbpedia.org/ontology/Work,http://dbpedia.org/ontology/Person; http://dbpedia.org/ontology/Animal; http://dbpedia.org/ontology/Eukaryote; http://dbpedia.org/ontology/Species
Herbert_Hoover,child,Allan_Hoover,outgoing,http://dbpedia.org/ontology/Person,http://dbpedia.org/ontology/Animal; http://dbpedia.org/ontology/Eukaryote; http://dbpedia.org/ontology/Species
Herbert_Hoover,party,Independent_politician,outgoing,http://dbpedia.org/ontology/PoliticalParty,
Herbert_Hoover,party,Republican_Party_(United_States),outgoing,http://dbpedia.org/ontology/PoliticalParty,http://dbpedia.org/ontology/Agent; http://dbpedia.org/ontology/Organisation
Herbert_Hoover,restingPlace,Herbert_Hoover_Presidential_Library_and_Museum,outgoing,http://dbpedia.org/ontology/Place,http://dbpedia.org/ontology/ArchitecturalStructure; http://dbpedia.org/ontology/Museum
Herbert_Hoover,foundedBy,Herbert_Hoover,incoming,http://dbpedia.org/ontology/Agent,http://dbpedia.org/ontology/Person; http://dbpedia.org/ontology/Animal; http://dbpedia.org/ontology/Eukaryote; http://dbpedia.org/ontology/Species
Herbert_Hoover,foundedBy,Herbert_Hoover,incoming,http://dbpedia.org/ontology/Agent,http://dbpedia.org/ontology/Person; http://dbpedia.org/ontology/Animal; http://dbpedia.org/ontology/Eukaryote; http://dbpedia.org/ontology/Species
James_A._Garfield,party,Republican_Party_(United_States),outgoing,http://dbpedia.org/ontology/PoliticalParty,http://dbpedia.org/ontology/Agent; http://dbpedia.org/ontology/Organisation
James_A._Garfield,restingPlace,James_A._Garfield_Memorial,outgoing,http://dbpedia.org/ontology/Place,http://dbpedia.org/ontology/ArchitecturalStructure
James_Buchanan,party,Democratic-Republican_Party,outgoing,http://dbpedia.org/ontology/PoliticalParty,http://dbpedia.org/ontology/Agent; http://dbpedia.org/ontology/Organisation
James_Buchanan,party,Democratic_Party_(United_States),outgoing,http://dbpedia.org/ontology/PoliticalParty,http://dbpedia.org/ontology/Agent; http://dbpedia.org/ontology/Organisation
James_Buchanan,party,Federalist_Party,outgoing,http://dbpedia.org/ontology/PoliticalParty,http://dbpedia.org/ontology/Agent; http://dbpedia.org/ontology/Organisation
James_K._Polk,father,Samuel_Polk,outgoing,http://dbpedia.org/ontology/Person,http://dbpedia.org/ontology/Animal; http://dbpedia.org/ontology/Eukaryote; http://dbpedia.org/ontology/Species
James_K._Polk,party,Democratic_Party_(United_States),outgoing,http://dbpedia.org/ontology/PoliticalParty,http://dbpedia.org/ontology/Agent; http://dbpedia.org/ontology/Organisation
James_K._Polk,restingPlace,Tennessee_State_Capitol,outgoing,http://dbpedia.org/ontology/Place,http://dbpedia.org/ontology/ArchitecturalStructure
James_Madison,award,James_Madison,incoming,http://dbpedia.org/ontology/Award,http://dbpedia.org/ontology/Person; http://dbpedia.org/ontology/Animal; http://dbpedia.org/ontology/Eukaryote; http://dbpedia.org/ontology/Species
James_Monroe,birthPlace,"Monroe_Hall,_Virginia",outgoing,http://dbpedia.org/ontology/Place,
James_Monroe,child,Eliza_Monroe_Hay,outgoing,http://dbpedia.org/ontology/Person,http://dbpedia.org/ontology/Animal; http://dbpedia.org/ontology/Eukaryote; http://dbpedia.org/ontology/Species
James_Monroe,child,Maria_Hester_Monroe_Gouverneur,outgoing,http://dbpedia.org/ontology/Person,http://dbpedia.org/ontology/Animal; http://dbpedia.org/ontology/Eukaryote; http://dbpedia.org/ontology/Species
James_Monroe,party,Democratic-Republican_Party,outgoing,http://dbpedia.org/ontology/PoliticalParty,http://dbpedia.org/ontology/Agent; http://dbpedia.org/ontology/Organisation
James_Monroe,architect,James_Monroe,incoming,http://dbpedia.org/ontology/Architect,http://dbpedia.org/ontology/Person; http://dbpedia.org/ontology/Animal; http://dbpedia.org/ontology/Eukaryote; http://dbpedia.org/ontology/Species
Jimmy_Carter,award,List_of_awards_and_honors_received_by_Jimmy_Carter,outgoing,http://dbpedia.org/ontology/Award,
Jimmy_Carter,child,Amy_Carter,outgoing,http://dbpedia.org/ontology/Person,http://dbpedia.org/ontology/Animal; http://dbpedia.org/ontology/Eukaryote; http://dbpedia.org/ontology/Species
Jimmy_Carter,occupation,Bibliography_of_Jimmy_Carter,outgoing,http://dbpedia.org/ontology/PersonFunction,
Jimmy_Carter,occupation,Post-presidency_of_Jimmy_Carter,outgoing,http://dbpedia.org/ontology/PersonFunction,
Jimmy_Carter,parent,Lillian_Gordy_Carter,outgoing,http://dbpedia.org/ontology/Person,http://dbpedia.org/ontology/Animal; http://dbpedia.org/ontology/Eukaryote; http://dbpedia.org/ontology/Species
Jimmy_Carter,party,Democratic_Party_(United_States),outgoing,http://dbpedia.org/ontology/PoliticalParty,http://dbpedia.org/ontology/Agent; http://dbpedia.org/ontology/Organisation
Jimmy_Carter,relation,List_of_United_States_political_families_(C),outgoing,http://dbpedia.org/ontology/Person,
Jimmy_Carter,foundedBy,Jimmy_Carter,incoming,http://dbpedia.org/ontology/Agent,http://dbpedia.org/ontology/Person; http://dbpedia.org/ontology/Animal; http://dbpedia.org/ontology/Eukaryote; http://dbpedia.org/ontology/Species
Jimmy_Carter,foundedBy,Jimmy_Carter,incoming,http://dbpedia.org/ontology/Agent,http://dbpedia.org/ontology/Person; http://dbpedia.org/ontology/Animal; http://dbpedia.org/ontology/Eukaryote; http://dbpedia.org/ontology/Species
Jimmy_Carter,starring,Jimmy_Carter,incoming,http://dbpedia.org/ontology/Actor,http://dbpedia.org/ontology/Person; http://dbpedia.org/ontology/Animal; http://dbpedia.org/ontology/Eukaryote; http://dbpedia.org/ontology/Species
Jimmy_Carter,starring,Jimmy_Carter,incoming,http://dbpedia.org/ontology/Actor,http://dbpedia.org/ontology/Person; http://dbpedia.org/ontology/Animal; http://dbpedia.org/ontology/Eukaryote; http://dbpedia.org/ontology/Species
Jimmy_Carter,starring,Jimmy_Carter,incoming,http://dbpedia.org/ontology/Actor,http://dbpedia.org/ontology/Person; http://dbpedia.org/ontology/Animal; http://dbpedia.org/ontology/Eukaryote; http://dbpedia.org/ontology/Species
Jimmy_Carter,starring,Jimmy_Carter,incoming,http://dbpedia.org/ontology/Actor,http://dbpedia.org/ontology/Person; http://dbpedia.org/ontology/Animal; http://dbpedia.org/ontology/Eukaryote; http://dbpedia.org/ontology/Species
Jimmy_Carter,starring,Jimmy_Carter,incoming,http://dbpedia.org/ontology/Actor,http://dbpedia.org/ontology/Person; http://dbpedia.org/ontology/Animal; http://dbpedia.org/ontology/Eukaryote; http://dbpedia.org/ontology/Species
Joe_Biden,award,List_of_awards_and_honors_received_by_Joe_Biden,outgoing,http://dbpedia.org/ontology/Award,
Joe_Biden,child,Ashley_Biden,outgoing,http://dbpedia.org/ontology/Person,http://dbpedia.org/ontology/Animal; http://dbpedia.org/ontology/Eukaryote; http://dbpedia.org/ontology/Species
Joe_Biden,party,Democratic_Party_(United_States),outgoing,http://dbpedia.org/ontology/PoliticalParty,http://dbpedia.org/ontology/Agent; http://dbpedia.org/ontology/Organisation
Joe_Biden,party,Independent_politician,outgoing,http://dbpedia.org/ontology/PoliticalParty,
Joe_Biden,relation,Family_of_Joe_Biden,outgoing,http://dbpedia.org/ontology/Person,http://dbpedia.org/ontology/Agent; http://dbpedia.org/ontology/Family
Joe_Biden,spouse,1972_United_States_Senate_election_in_Delaware,outgoing,http://dbpedia.org/ontology/Person,http://dbpedia.org/ontology/Event; http://dbpedia.org/ontology/SocietalEvent
Joe_Biden,spouse,Neilia_Hunter_Biden,outgoing,http://dbpedia.org/ontology/Person,http://dbpedia.org/ontology/Animal; http://dbpedia.org/ontology/Eukaryote; http://dbpedia.org/ontology/Species
Joe_Biden,award,Joe_Biden,incoming,http://dbpedia.org/ontology/Award,http://dbpedia.org/ontology/Person; http://dbpedia.org/ontology/Animal; http://dbpedia.org/ontology/Eukaryote; http://dbpedia.org/ontology/Species
Joe_Biden,foundedBy,Joe_Biden,incoming,http://dbpedia.org/ontology/Agent,http://dbpedia.org/ontology/Person; http://dbpedia.org/ontology/Animal; http://dbpedia.org/ontology/Eukaryote; http://dbpedia.org/ontology/Species
John_Adams,birthPlace,"Braintree,_Massachusetts",outgoing,http://dbpedia.org/ontology/Place,
John_Adams,child,Abigail_Adams_Smith,outgoing,http://dbpedia.org/ontology/Person,http://dbpedia.org/ontology/Animal; http://dbpedia.org/ontology/Eukaryote; http://dbpedia.org/ontology/Species
John_Adams,child,Charles_Adams_(1770â€“1800),outgoing,http://dbpedia.org/ontology/Person,http://dbpedia.org/ontology/Animal; http://dbpedia.org/ontology/Eukaryote; http://dbpedia.org/ontology/Species
John_Adams,parent,John_Adams_Sr.,outgoing,http://dbpedia.org/ontology/Person,http://dbpedia.org/ontology/Animal; http://dbpedia.org/ontology/Eukaryote; http://dbpedia.org/ontology/Species
John_Adams,parent,Susanna_Boylston,outgoing,http://dbpedia.org/ontology/Person,http://dbpedia.org/ontology/Animal; http://dbpedia.org/ontology/Eukaryote; http://dbpedia.org/ontology/Species
John_Adams,party,Democratic-Republican_Party,outgoing,http://dbpedia.org/ontology/PoliticalParty,http://dbpedia.org/ontology/Agent; http://dbpedia.org/ontology/Organisation
John_Adams,party,Federalist_Party,outgoing,http://dbpedia.org/ontology/PoliticalParty,http://dbpedia.org/ontology/Agent; http://dbpedia.org/ontology/Organisation
John_Adams,restingPlace,United_First_Parish_Church,outgoing,http://dbpedia.org/ontology/Place,http://dbpedia.org/ontology/ArchitecturalStructure; http://dbpedia.org/ontology/Church; http://dbpedia.org/ontology/ReligiousBuilding
John_Adams,producer,John_Adams,incoming,http://dbpedia.org/ontology/Agent,http://dbpedia.org/ontology/Person; http://dbpedia.org/ontology/Animal; http://dbpedia.org/ontology/Eukaryote; http://dbpedia.org/ontology/Species
John_F._Kennedy,child,John_F._Kennedy_Jr.,outgoing,http://dbpedia.org/ontology/Person,http://dbpedia.org/ontology/Animal; http://dbpedia.org/ontology/Eukaryote; http://dbpedia.org/ontology/Species
John_F._Kennedy,child,Patrick_Bouvier_Kennedy,outgoing,http://dbpedia.org/ontology/Person,http://dbpedia.org/ontology/Animal; http://dbpedia.org/ontology/Eukaryote; http://dbpedia.org/ontology/Species
John_F._Kennedy,party,Democratic_Party_(United_States),outgoing,http://dbpedia.org/ontology/PoliticalParty,http://dbpedia.org/ontology/Agent; http://dbpedia.org/ontology/Organisation
John_F._Kennedy,relation,Bouvier_family,outgoing,http://dbpedia.org/ontology/Person,http://dbpedia.org/ontology/Agent; http://dbpedia.org/ontology/Family
John_F._Kennedy,relation,Kennedy_family,outgoing,http://dbpedia.org/ontology/Person,
John_F._Kennedy,foundedBy,John_F._Kennedy,incoming,http://dbpedia.org/ontology/Agent,http://dbpedia.org/ontology/Person; http://dbpedia.org/ontology/Animal; http://dbpedia.org/ontology/Eukaryote; http://dbpedia.org/ontology/Species
John_F._Kennedy,notableWork,John_F._Kennedy,incoming,http://dbpedia.org/ontology/Work,http://dbpedia.org/ontology/Person; http://dbpedia.org/ontology/Animal; http://dbpedia.org/ontology/Eukaryote; http://dbpedia.org/ontology/Species
John_F._Kennedy,occupation,John_F._Kennedy,incoming,http://dbpedia.org/ontology/PersonFunction,http://dbpedia.org/ontology/Person; http://dbpedia.org/ontology/Animal; http://dbpedia.org/ontology/Eukaryote; http://dbpedia.org/ontology/Species
John_F._Kennedy,occupation,John_F._Kennedy,incoming,http://dbpedia.org/ontology/PersonFunction,http://dbpedia.org/ontology/Person; http://dbpedia.org/ontology/Animal; http://dbpedia.org/ontology/Eukaryote; http://dbpedia.org/ontology/Species
John_F._Kennedy,starring,John_F._Kennedy,incoming,http://dbpedia.org/ontology/Actor,http://dbpedia.org/ontology/Person; http://dbpedia.org/ontology/Animal; http://dbpedia.org/ontology/Eukaryote; http://dbpedia.org/ontology/Species
John_F._Kennedy,starring,John_F._Kennedy,incoming,http://dbpedia.org/ontology/Actor,http://dbpedia.org/ontology/Person; http://dbpedia.org/ontology/Animal; http://dbpedia.org/ontology/Eukaryote; http://dbpedia.org/ontology/Species
John_F._Kennedy,starring,John_F._Kennedy,incoming,http://dbpedia.org/ontology/Actor,http://dbpedia.org/ontology/Person; http://dbpedia.org/ontology/Animal; http://dbpedia.org/ontology/Eukaryote; http://dbpedia.org/ontology/Species
John_Quincy_Adams,birthPlace,"Braintree,_Massachusetts",outgoing,http://dbpedia.org/ontology/Place,
John_Quincy_Adams,party,Anti-Masonic_Party,outgoing,http://dbpedia.org/ontology/PoliticalParty,http://dbpedia.org/ontology/Agent; http://dbpedia.org/ontology/Organisation
John_Quincy_Adams,party,Democratic-Republican_Party,outgoing,http://dbpedia.org/ontology/PoliticalParty,http://dbpedia.org/ontology/Agent; http://dbpedia.org/ontology/Organisation
John_Quincy_Adams,party,Federalist_Party,outgoing,http://dbpedia.org/ontology/PoliticalParty,http://dbpedia.org/ontology/Agent; http://dbpedia.org/ontology/Organisation
John_Quincy_Adams,party,Whig_Party_(United_States),outgoing,http://dbpedia.org/ontology/PoliticalParty,http://dbpedia.org/ontology/Agent; http://dbpedia.org/ontology/Organisation
John_Quincy_Adams,relation,Adams_political_family,outgoing,http://dbpedia.org/ontology/Person,http://dbpedia.org/ontology/Agent; http://dbpedia.org/ontology/Family
John_Quincy_Adams,relation,Quincy_political_family,outgoing,http://dbpedia.org/ontology/Person,http://dbpedia.org/ontology/Agent; http://dbpedia.org/ontology/Family
John_Quincy_Adams,restingPlace,United_First_Parish_Church,outgoing,http://dbpedia.org/ontology/Place,http://dbpedia.org/ontology/ArchitecturalStructure; http://dbpedia.org/ontology/Church; http://dbpedia.org/ontology/ReligiousBuilding
John_Quincy_Adams,party,John_Quincy_Adams,incoming,http://dbpedia.org/ontology/PoliticalParty,http://dbpedia.org/ontology/Person; http://dbpedia.org/ontology/Animal; http://dbpedia.org/ontology/Eukaryote; http://dbpedia.org/ontology/Species
John_Quincy_Adams,party,John_Quincy_Adams,incoming,http://dbpedia.org/ontology/PoliticalParty,http://dbpedia.org/ontology/Person; http://dbpedia.org/ontology/Animal; http://dbpedia.org/ontology/Eukaryote; http://dbpedia.org/ontology/Species
John_Tyler,child,Letitia_Semple,outgoing,http://dbpedia.org/ontology/Person,http://dbpedia.org/ontology/Animal; http://dbpedia.org/ontology/Eukaryote; http://dbpedia.org/ontology/Species
John_Tyler,deathPlace,"Exchange_Hotel_(Richmond,_Virginia)",outgoing,http://dbpedia.org/ontology/Place,http://dbpedia.org/ontology/ArchitecturalStructure; http://dbpedia.org/ontology/Building; http://dbpedia.org/ontology/Hotel
John_Tyler,deathPlace,"Richmond,_Virginia",outgoing,http://dbpedia.org/ontology/Place,
John_Tyler,party,Democratic-Republican_Party,outgoing,http://dbpedia.org/ontology/PoliticalParty,http://dbpedia.org/ontology/Agent; http://dbpedia.org/ontology/Organisation
John_Tyler,party,Democratic_Party_(United_States),outgoing,http://dbpedia.org/ontology/PoliticalParty,http://dbpedia.org/ontology/Agent; http://dbpedia.org/ontology/Organisation
John_Tyler,party,Independent_politician,outgoing,http://dbpedia.org/ontology/PoliticalParty,
John_Tyler,party,Whig_Party_(United_States),outgoing,http://dbpedia.org/ontology/PoliticalParty,http://dbpedia.org/ontology/Agent; http://dbpedia.org/ontology/Organisation
John_Tyler,restingPlace,"Richmond,_Virginia",outgoing,http://dbpedia.org/ontology/Place,
Lyndon_B._Johnson,award,Presidential_Medal_of_Freedom,outgoing,http://dbpedia.org/ontology/Award,
Lyndon_B._Johnson,child,Luci_Baines_Johnson,outgoing,http://dbpedia.org/ontology/Person,http://dbpedia.org/ontology/Animal; http://dbpedia.org/ontology/Eukaryote; http://dbpedia.org/ontology/Species
Lyndon_B._Johnson,party,History_of_the_Democratic_Party_(United_States),outgoing,http://dbpedia.org/ontology/PoliticalParty,
Lyndon_B._Johnson,award,Lyndon_B._Johnson,incoming,http://dbpedia.org/ontology/Award,http://dbpedia.org/ontology/Person; http://dbpedia.org/ontology/Animal; http://dbpedia.org/ontology/Eukaryote; http://dbpedia.org/ontology/Species
Lyndon_B._Johnson,occupation,Lyndon_B._Johnson,incoming,http://dbpedia.org/ontology/PersonFunction,http://dbpedia.org/ontology/Person; http://dbpedia.org/ontology/Animal; http://dbpedia.org/ontology/Eukaryote; http://dbpedia.org/ontology/Species
Martin_Van_Buren,relation,Family_of_Martin_Van_Buren,outgoing,http://dbpedia.org/ontology/Person,http://dbpedia.org/ontology/Agent; http://dbpedia.org/ontology/Family
Martin_Van_Buren,restingPlace,"Reformed_Dutch_Church_(Kinderhook,_New_York)",outgoing,http://dbpedia.org/ontology/Place,http://dbpedia.org/ontology/ArchitecturalStructure; http://dbpedia.org/ontology/Building; http://dbpedia.org/ontology/Church; http://dbpedia.org/ontology/ReligiousBuilding
Millard_Fillmore,child,Mary_Abigail_Fillmore,outgoing,http://dbpedia.org/ontology/Person,http://dbpedia.org/ontology/Animal; http://dbpedia.org/ontology/Eukaryote; http://dbpedia.org/ontology/Species
Millard_Fillmore,father,Nathaniel_Fillmore,outgoing,http://dbpedia.org/ontology/Person,http://dbpedia.org/ontology/Animal; http://dbpedia.org/ontology/Eukaryote; http://dbpedia.org/ontology/Species
Millard_Fillmore,party,Anti-Masonic_Party,outgoing,http://dbpedia.org/ontology/PoliticalParty,http://dbpedia.org/ontology/Agent; http://dbpedia.org/ontology/Organisation
Millard_Fillmore,party,Democratic_Party_(United_States),outgoing,http://dbpedia.org/ontology/PoliticalParty,http://dbpedia.org/ontology/Agent; http://dbpedia.org/ontology/Organisation
Millard_Fillmore,party,Know_Nothing,outgoing,http://dbpedia.org/ontology/PoliticalParty,http://dbpedia.org/ontology/Agent; http://dbpedia.org/ontology/Organisation
Millard_Fillmore,party,Whig_Party_(United_States),outgoing,http://dbpedia.org/ontology/PoliticalParty,http://dbpedia.org/ontology/Agent; http://dbpedia.org/ontology/Organisation
Millard_Fillmore,spouse,Caroline_C._Fillmore,outgoing,http://dbpedia.org/ontology/Person,http://dbpedia.org/ontology/Animal; http://dbpedia.org/ontology/Eukaryote; http://dbpedia.org/ontology/Species
Presidency_of_Abraham_Lincoln,president,Presidency_of_Abraham_Lincoln,incoming,http://dbpedia.org/ontology/Person,
Presidency_of_George_W._Bush,occupation,Presidency_of_George_W._Bush,incoming,http://dbpedia.org/ontology/PersonFunction,
Presidency_of_George_W._Bush,president,Presidency_of_George_W._Bush,incoming,http://dbpedia.org/ontology/Person,
President_of_the_United_States,affiliation,President_of_the_United_States,incoming,http://dbpedia.org/ontology/Organisation,http://dbpedia.org/ontology/Person; http://dbpedia.org/ontology/Animal; http://dbpedia.org/ontology/Eukaryote; http://dbpedia.org/ontology/Politician; http://dbpedia.org/ontology/President; http://dbpedia.org/ontology/Species
President_of_the_United_States,award,President_of_the_United_States,incoming,http://dbpedia.org/ontology/Award,http://dbpedia.org/ontology/Person; http://dbpedia.org/ontology/Animal; http://dbpedia.org/ontology/Eukaryote; http://dbpedia.org/ontology/Politician; http://dbpedia.org/ontology/President; http://dbpedia.org/ontology/Species
President_of_the_United_States,genre,President_of_the_United_States,incoming,http://dbpedia.org/ontology/Genre,http://dbpedia.org/ontology/Person; http://dbpedia.org/ontology/Animal; http://dbpedia.org/ontology/Eukaryote; http://dbpedia.org/ontology/Politician; http://dbpedia.org/ontology/President; http://dbpedia.org/ontology/Species
President_of_the_United_States,occupation,President_of_the_United_States,incoming,http://dbpedia.org/ontology/PersonFunction,http://dbpedia.org/ontology/Person; http://dbpedia.org/ontology/Animal; http://dbpedia.org/ontology/Eukaryote; http://dbpedia.org/ontology/Politician; http://dbpedia.org/ontology/President; http://dbpedia.org/ontology/Species
President_of_the_United_States,occupation,President_of_the_United_States,incoming,http://dbpedia.org/ontology/PersonFunction,http://dbpedia.org/ontology/Person; http://dbpedia.org/ontology/Animal; http://dbpedia.org/ontology/Eukaryote; http://dbpedia.org/ontology/Politician; http://dbpedia.org/ontology/President; http://dbpedia.org/ontology/Species
President_of_the_United_States,occupation,President_of_the_United_States,incoming,http://dbpedia.org/ontology/PersonFunction,http://dbpedia.org/ontology/Person; http://dbpedia.org/ontology/Animal; http://dbpedia.org/ontology/Eukaryote; http://dbpedia.org/ontology/Politician; http://dbpedia.org/ontology/President; http://dbpedia.org/ontology/Species
President_of_the_United_States,occupation,President_of_the_United_States,incoming,http://dbpedia.org/ontology/PersonFunction,http://dbpedia.org/ontology/Person; http://dbpedia.org/ontology/Animal; http://dbpedia.org/ontology/Eukaryote; http://dbpedia.org/ontology/Politician; http://dbpedia.org/ontology/President; http://dbpedia.org/ontology/Species
President_of_the_United_States,occupation,President_of_the_United_States,incoming,http://dbpedia.org/ontology/PersonFunction,http://dbpedia.org/ontology/Person; http://dbpedia.org/ontology/Animal; http://dbpedia.org/ontology/Eukaryote; http://dbpedia.org/ontology/Politician; http://dbpedia.org/ontology/President; http://dbpedia.org/ontology/Species
President_of_the_United_States,occupation,President_of_the_United_States,incoming,http://dbpedia.org/ontology/PersonFunction,http://dbpedia.org/ontology/Person; http://dbpedia.org/ontology/Animal; http://dbpedia.org/ontology/Eukaryote; http://dbpedia.org/ontology/Politician; http://dbpedia.org/ontology/President; http://dbpedia.org/ontology/Species
President_of_the_United_States,occupation,President_of_the_United_States,incoming,http://dbpedia.org/ontology/PersonFunction,http://dbpedia.org/ontology/Person; http://dbpedia.org/ontology/Animal; http://dbpedia.org/ontology/Eukaryote; http://dbpedia.org/ontology/Politician; http://dbpedia.org/ontology/President; http://dbpedia.org/ontology/Species
President_of_the_United_States,occupation,President_of_the_United_States,incoming,http://dbpedia.org/ontology/PersonFunction,http://dbpedia.org/ontology/Person; http://dbpedia.org/ontology/Animal; http://dbpedia.org/ontology/Eukaryote; http://dbpedia.org/ontology/Politician; http://dbpedia.org/ontology/President; http://dbpedia.org/ontology/Species
President_of_the_United_States,occupation,President_of_the_United_States,incoming,http://dbpedia.org/ontology/PersonFunction,http://dbpedia.org/ontology/Person; http://dbpedia.org/ontology/Animal; http://dbpedia.org/ontology/Eukaryote; http://dbpedia.org/ontology/Politician; http://dbpedia.org/ontology/President; http://dbpedia.org/ontology/Species
President_of_the_United_States,occupation,President_of_the_United_States,incoming,http://dbpedia.org/ontology/PersonFunction,http://dbpedia.org/ontology/Person; http://dbpedia.org/ontology/Animal; http://dbpedia.org/ontology/Eukaryote; http://dbpedia.org/ontology/Politician; http://dbpedia.org/ontology/President; http://dbpedia.org/ontology/Species
President_of_the_United_States,occupation,President_of_the_United_States,incoming,http://dbpedia.org/ontology/PersonFunction,http://dbpedia.org/ontology/Person; http://dbpedia.org/ontology/Animal; http://dbpedia.org/ontology/Eukaryote; http://dbpedia.org/ontology/Politician; http://dbpedia.org/ontology/President; http://dbpedia.org/ontology/Species
President_of_the_United_States,occupation,President_of_the_United_States,incoming,http://dbpedia.org/ontology/PersonFunction,http://dbpedia.org/ontology/Person; http://dbpedia.org/ontology/Animal; http://dbpedia.org/ontology/Eukaryote; http://dbpedia.org/ontology/Politician; http://dbpedia.org/ontology/President; http://dbpedia.org/ontology/Species
President_of_the_United_States,occupation,President_of_the_United_States,incoming,http://dbpedia.org/ontology/PersonFunction,http://dbpedia.org/ontology/Person; http://dbpedia.org/ontology/Animal; http://dbpedia.org/ontology/Eukaryote; http://dbpedia.org/ontology/Politician; http://dbpedia.org/ontology/President; http://dbpedia.org/ontology/Species
President_of_the_United_States,occupation,President_of_the_United_States,incoming,http://dbpedia.org/ontology/PersonFunction,http://dbpedia.org/ontology/Person; http://dbpedia.org/ontology/Animal; http://dbpedia.org/ontology/Eukaryote; http://dbpedia.org/ontology/Politician; http://dbpedia.org/ontology/President; http://dbpedia.org/ontology/Species
President_of_the_United_States,occupation,President_of_the_United_States,incoming,http://dbpedia.org/ontology/PersonFunction,http://dbpedia.org/ontology/Person; http://dbpedia.org/ontology/Animal; http://dbpedia.org/ontology/Eukaryote; http://dbpedia.org/ontology/Politician; http://dbpedia.org/ontology/President; http://dbpedia.org/ontology/Species
President_of_the_United_States,occupation,President_of_the_United_States,incoming,http://dbpedia.org/ontology/PersonFunction,http://dbpedia.org/ontology/Person; http://dbpedia.org/ontology/Animal; http://dbpedia.org/ontology/Eukaryote; http://dbpedia.org/ontology/Politician; http://dbpedia.org/ontology/President; http://dbpedia.org/ontology/Species
President_of_the_United_States,occupation,President_of_the_United_States,incoming,http://dbpedia.org/ontology/PersonFunction,http://dbpedia.org/ontology/Person; http://dbpedia.org/ontology/Animal; http://dbpedia.org/ontology/Eukaryote; http://dbpedia.org/ontology/Politician; http://dbpedia.org/ontology/President; http://dbpedia.org/ontology/Species
President_of_the_United_States,occupation,President_of_the_United_States,incoming,http://dbpedia.org/ontology/PersonFunction,http://dbpedia.org/ontology/Person; http://dbpedia.org/ontology/Animal; http://dbpedia.org/ontology/Eukaryote; http://dbpedia.org/ontology/Politician; http://dbpedia.org/ontology/President; http://dbpedia.org/ontology/Species
President_of_the_United_States,occupation,President_of_the_United_States,incoming,http://dbpedia.org/ontology/PersonFunction,http://dbpedia.org/ontology/Person; http://dbpedia.org/ontology/Animal; http://dbpedia.org/ontology/Eukaryote; http://dbpedia.org/ontology/Politician; http://dbpedia.org/ontology/President; http://dbpedia.org/ontology/Species
President_of_the_United_States,occupation,President_of_the_United_States,incoming,http://dbpedia.org/ontology/PersonFunction,http://dbpedia.org/ontology/Person; http://dbpedia.org/ontology/Animal; http://dbpedia.org/ontology/Eukaryote; http://dbpedia.org/ontology/Politician; http://dbpedia.org/ontology/President; http://dbpedia.org/ontology/Species
President_of_the_United_States,occupation,President_of_the_United_States,incoming,http://dbpedia.org/ontology/PersonFunction,http://dbpedia.org/ontology/Person; http://dbpedia.org/ontology/Animal; http://dbpedia.org/ontology/Eukaryote; http://dbpedia.org/ontology/Politician; http://dbpedia.org/ontology/President; http://dbpedia.org/ontology/Species
President_of_the_United_States,occupation,President_of_the_United_States,incoming,http://dbpedia.org/ontology/PersonFunction,http://dbpedia.org/ontology/Person; http://dbpedia.org/ontology/Animal; http://dbpedia.org/ontology/Eukaryote; http://dbpedia.org/ontology/Politician; http://dbpedia.org/ontology/President; http://dbpedia.org/ontology/Species
President_of_the_United_States,parentOrganisation,President_of_the_United_States,incoming,http://dbpedia.org/ontology/Organisation,http://dbpedia.org/ontology/Person; http://dbpedia.org/ontology/Animal; http://dbpedia.org/ontology/Eukaryote; http://dbpedia.org/ontology/Politician; http://dbpedia.org/ontology/President; http://dbpedia.org/ontology/Species
President_of_the_United_States,starring,President_of_the_United_States,incoming,http://dbpedia.org/ontology/Actor,http://dbpedia.org/ontology/Person; http://dbpedia.org/ontology/Animal; http://dbpedia.org/ontology/Eukaryote; http://dbpedia.org/ontology/Politician; http://dbpedia.org/ontology/President; http://dbpedia.org/ontology/Species
Richard_Nixon,child,Julie_Nixon_Eisenhower,outgoing,http://dbpedia.org/ontology/Person,http://dbpedia.org/ontology/Animal; http://dbpedia.org/ontology/Eukaryote; http://dbpedia.org/ontology/Species
Richard_Nixon,child,Tricia_Nixon_Cox,outgoing,http://dbpedia.org/ontology/Person,http://dbpedia.org/ontology/Animal; http://dbpedia.org/ontology/Eukaryote; http://dbpedia.org/ontology/Species
Richard_Nixon,party,Republican_Party_(United_States),outgoing,http://dbpedia.org/ontology/PoliticalParty,http://dbpedia.org/ontology/Agent; http://dbpedia.org/ontology/Organisation
Richard_Nixon,restingPlace,Richard_Nixon_Presidential_Library_and_Museum,outgoing,http://dbpedia.org/ontology/Place,http://dbpedia.org/ontology/Agent; http://dbpedia.org/ontology/ArchitecturalStructure; http://dbpedia.org/ontology/EducationalInstitution; http://dbpedia.org/ontology/Library; http://dbpedia.org/ontology/Museum; http://dbpedia.org/ontology/Organisation
Richard_Nixon,starring,Richard_Nixon,incoming,http://dbpedia.org/ontology/Actor,http://dbpedia.org/ontology/Person; http://dbpedia.org/ontology/Animal; http://dbpedia.org/ontology/Eukaryote; http://dbpedia.org/ontology/Species
Richard_Nixon,starring,Richard_Nixon,incoming,http://dbpedia.org/ontology/Actor,http://dbpedia.org/ontology/Person; http://dbpedia.org/ontology/Animal; http://dbpedia.org/ontology/Eukaryote; http://dbpedia.org/ontology/Species
Richard_Nixon,starring,Richard_Nixon,incoming,http://dbpedia.org/ontology/Actor,http://dbpedia.org/ontology/Person; http://dbpedia.org/ontology/Animal; http://dbpedia.org/ontology/Eukaryote; http://dbpedia.org/ontology/Species
Ronald_Reagan,award,List_of_awards_and_honors_received_by_Ronald_Reagan,outgoing,http://dbpedia.org/ontology/Award,
Ronald_Reagan,child,Maureen_Reagan,outgoing,http://dbpedia.org/ontology/Person,http://dbpedia.org/ontology/Animal; http://dbpedia.org/ontology/Eukaryote; http://dbpedia.org/ontology/Species
Ronald_Reagan,child,Michael_Reagan,outgoing,http://dbpedia.org/ontology/Person,http://dbpedia.org/ontology/Animal; http://dbpedia.org/ontology/Eukaryote; http://dbpedia.org/ontology/Species
Ronald_Reagan,child,Patti_Davis,outgoing,http://dbpedia.org/ontology/Person,http://dbpedia.org/ontology/Animal; http://dbpedia.org/ontology/Eukaryote; http://dbpedia.org/ontology/Species
Ronald_Reagan,child,Ron_Reagan,outgoing,http://dbpedia.org/ontology/Person,http://dbpedia.org/ontology/Animal; http://dbpedia.org/ontology/Eukaryote; http://dbpedia.org/ontology/Species
Ronald_Reagan,parent,Jack_Reagan,outgoing,http://dbpedia.org/ontology/Person,http://dbpedia.org/ontology/Animal; http://dbpedia.org/ontology/Eukaryote; http://dbpedia.org/ontology/Species
Ronald_Reagan,parent,Nelle_Wilson_Reagan,outgoing,http://dbpedia.org/ontology/Person,http://dbpedia.org/ontology/Animal; http://dbpedia.org/ontology/Eukaryote; http://dbpedia.org/ontology/Species
Ronald_Reagan,party,Democratic_Party_(United_States),outgoing,http://dbpedia.org/ontology/PoliticalParty,http://dbpedia.org/ontology/Agent; http://dbpedia.org/ontology/Organisation
Ronald_Reagan,party,Republican_Party_(United_States),outgoing,http://dbpedia.org/ontology/PoliticalParty,http://dbpedia.org/ontology/Agent; http://dbpedia.org/ontology/Organisation
Ronald_Reagan,relation,Neil_Reagan,outgoing,http://dbpedia.org/ontology/Person,http://dbpedia.org/ontology/Animal; http://dbpedia.org/ontology/Eukaryote; http://dbpedia.org/ontology/Species
Ronald_Reagan,restingPlace,Ronald_Reagan_Presidential_Library,outgoing,http://dbpedia.org/ontology/Place,http://dbpedia.org/ontology/ArchitecturalStructure; http://dbpedia.org/ontology/Archive; http://dbpedia.org/ontology/CollectionOfValuables; http://dbpedia.org/ontology/Museum; http://dbpedia.org/ontology/Work
Ronald_Reagan,award,Ronald_Reagan,incoming,http://dbpedia.org/ontology/Award,http://dbpedia.org/ontology/Person; http://dbpedia.org/ontology/Animal; http://dbpedia.org/ontology/Eukaryote; http://dbpedia.org/ontology/Species
Ronald_Reagan,foundedBy,Ronald_Reagan,incoming,http://dbpedia.org/ontology/Agent,http://dbpedia.org/ontology/Person; http://dbpedia.org/ontology/Animal; http://dbpedia.org/ontology/Eukaryote; http://dbpedia.org/ontology/Species
Ronald_Reagan,occupation,Ronald_Reagan,incoming,http://dbpedia.org/ontology/PersonFunction,http://dbpedia.org/ontology/Person; http://dbpedia.org/ontology/Animal; http://dbpedia.org/ontology/Eukaryote; http://dbpedia.org/ontology/Species
Ronald_Reagan,producer,Ronald_Reagan,incoming,http://dbpedia.org/ontology/Agent,http://dbpedia.org/ontology/Person; http://dbpedia.org/ontology/Animal; http://dbpedia.org/ontology/Eukaryote; http://dbpedia.org/ontology/Species
Ronald_Reagan,starring,Ronald_Reagan,incoming,http://dbpedia.org/ontology/Actor,http://dbpedia.org/ontology/Person; http://dbpedia.org/ontology/Animal; http://dbpedia.org/ontology/Eukaryote; http://dbpedia.org/ontology/Species
Ronald_Reagan,starring,Ronald_Reagan,incoming,http://dbpedia.org/ontology/Actor,http://dbpedia.org/ontology/Person; http://dbpedia.org/ontology/Animal; http://dbpedia.org/ontology/Eukaryote; http://dbpedia.org/ontology/Species
Ronald_Reagan,starring,Ronald_Reagan,incoming,http://dbpedia.org/ontology/Actor,http://dbpedia.org/ontology/Person; http://dbpedia.org/ontology/Animal; http://dbpedia.org/ontology/Eukaryote; http://dbpedia.org/ontology/Species
Ronald_Reagan,starring,Ronald_Reagan,incoming,http://dbpedia.org/ontology/Actor,http://dbpedia.org/ontology/Person; http://dbpedia.org/ontology/Animal; http://dbpedia.org/ontology/Eukaryote; http://dbpedia.org/ontology/Species
Ronald_Reagan,starring,Ronald_Reagan,incoming,http://dbpedia.org/ontology/Actor,http://dbpedia.org/ontology/Person; http://dbpedia.org/ontology/Animal; http://dbpedia.org/ontology/Eukaryote; http://dbpedia.org/ontology/Species
Ronald_Reagan,starring,Ronald_Reagan,incoming,http://dbpedia.org/ontology/Actor,http://dbpedia.org/ontology/Person; http://dbpedia.org/ontology/Animal; http://dbpedia.org/ontology/Eukaryote; http://dbpedia.org/ontology/Species
Ronald_Reagan,starring,Ronald_Reagan,incoming,http://dbpedia.org/ontology/Actor,http://dbpedia.org/ontology/Person; http://dbpedia.org/ontology/Animal; http://dbpedia.org/ontology/Eukaryote; http://dbpedia.org/ontology/Species
Ronald_Reagan,starring,Ronald_Reagan,incoming,http://dbpedia.org/ontology/Actor,http://dbpedia.org/ontology/Person; http://dbpedia.org/ontology/Animal; http://dbpedia.org/ontology/Eukaryote; http://dbpedia.org/ontology/Species
Ronald_Reagan,starring,Ronald_Reagan,incoming,http://dbpedia.org/ontology/Actor,http://dbpedia.org/ontology/Person; http://dbpedia.org/ontology/Animal; http://dbpedia.org/ontology/Eukaryote; http://dbpedia.org/ontology/Species
Ronald_Reagan,starring,Ronald_Reagan,incoming,http://dbpedia.org/ontology/Actor,http://dbpedia.org/ontology/Person; http://dbpedia.org/ontology/Animal; http://dbpedia.org/ontology/Eukaryote; http://dbpedia.org/ontology/Species
Ronald_Reagan,starring,Ronald_Reagan,incoming,http://dbpedia.org/ontology/Actor,http://dbpedia.org/ontology/Person; http://dbpedia.org/ontology/Animal; http://dbpedia.org/ontology/Eukaryote; http://dbpedia.org/ontology/Species
Ronald_Reagan,starring,Ronald_Reagan,incoming,http://dbpedia.org/ontology/Actor,http://dbpedia.org/ontology/Person; http://dbpedia.org/ontology/Animal; http://dbpedia.org/ontology/Eukaryote; http://dbpedia.org/ontology/Species
Ronald_Reagan,starring,Ronald_Reagan,incoming,http://dbpedia.org/ontology/Actor,http://dbpedia.org/ontology/Person; http://dbpedia.org/ontology/Animal; http://dbpedia.org/ontology/Eukaryote; http://dbpedia.org/ontology/Species
Ronald_Reagan,starring,Ronald_Reagan,incoming,http://dbpedia.org/ontology/Actor,http://dbpedia.org/ontology/Person; http://dbpedia.org/ontology/Animal; http://dbpedia.org/ontology/Eukaryote; http://dbpedia.org/ontology/Species
Ronald_Reagan,starring,Ronald_Reagan,incoming,http://dbpedia.org/ontology/Actor,http://dbpedia.org/ontology/Person; http://dbpedia.org/ontology/Animal; http://dbpedia.org/ontology/Eukaryote; http://dbpedia.org/ontology/Species
Ronald_Reagan,starring,Ronald_Reagan,incoming,http://dbpedia.org/ontology/Actor,http://dbpedia.org/ontology/Person; http://dbpedia.org/ontology/Animal; http://dbpedia.org/ontology/Eukaryote; http://dbpedia.org/ontology/Species
Ronald_Reagan,starring,Ronald_Reagan,incoming,http://dbpedia.org/ontology/Actor,http://dbpedia.org/ontology/Person; http://dbpedia.org/ontology/Animal; http://dbpedia.org/ontology/Eukaryote; http://dbpedia.org/ontology/Species
Ronald_Reagan,starring,Ronald_Reagan,incoming,http://dbpedia.org/ontology/Actor,http://dbpedia.org/ontology/Person; http://dbpedia.org/ontology/Animal; http://dbpedia.org/ontology/Eukaryote; http://dbpedia.org/ontology/Species
Ronald_Reagan,starring,Ronald_Reagan,incoming,http://dbpedia.org/ontology/Actor,http://dbpedia.org/ontology/Person; http://dbpedia.org/ontology/Animal; http://dbpedia.org/ontology/Eukaryote; http://dbpedia.org/ontology/Species
Ronald_Reagan,starring,Ronald_Reagan,incoming,http://dbpedia.org/ontology/Actor,http://dbpedia.org/ontology/Person; http://dbpedia.org/ontology/Animal; http://dbpedia.org/ontology/Eukaryote; http://dbpedia.org/ontology/Species
Ronald_Reagan,starring,Ronald_Reagan,incoming,http://dbpedia.org/ontology/Actor,http://dbpedia.org/ontology/Person; http://dbpedia.org/ontology/Animal; http://dbpedia.org/ontology/Eukaryote; http://dbpedia.org/ontology/Species
Ronald_Reagan,starring,Ronald_Reagan,incoming,http://dbpedia.org/ontology/Actor,http://dbpedia.org/ontology/Person; http://dbpedia.org/ontology/Animal; http://dbpedia.org/ontology/Eukaryote; http://dbpedia.org/ontology/Species
Ronald_Reagan,starring,Ronald_Reagan,incoming,http://dbpedia.org/ontology/Actor,http://dbpedia.org/ontology/Person; http://dbpedia.org/ontology/Animal; http://dbpedia.org/ontology/Eukaryote; http://dbpedia.org/ontology/Species
Ronald_Reagan,starring,Ronald_Reagan,incoming,http://dbpedia.org/ontology/Actor,http://dbpedia.org/ontology/Person; http://dbpedia.org/ontology/Animal; http://dbpedia.org/ontology/Eukaryote; http://dbpedia.org/ontology/Species
Ronald_Reagan,starring,Ronald_Reagan,incoming,http://dbpedia.org/ontology/Actor,http://dbpedia.org/ontology/Person; http://dbpedia.org/ontology/Animal; http://dbpedia.org/ontology/Eukaryote; http://dbpedia.org/ontology/Species
Ronald_Reagan,starring,Ronald_Reagan,incoming,http://dbpedia.org/ontology/Actor,http://dbpedia.org/ontology/Person; http://dbpedia.org/ontology/Animal; http://dbpedia.org/ontology/Eukaryote; http://dbpedia.org/ontology/Species
Ronald_Reagan,starring,Ronald_Reagan,incoming,http://dbpedia.org/ontology/Actor,http://dbpedia.org/ontology/Person; http://dbpedia.org/ontology/Animal; http://dbpedia.org/ontology/Eukaryote; http://dbpedia.org/ontology/Species
Ronald_Reagan,starring,Ronald_Reagan,incoming,http://dbpedia.org/ontology/Actor,http://dbpedia.org/ontology/Person; http://dbpedia.org/ontology/Animal; http://dbpedia.org/ontology/Eukaryote; http://dbpedia.org/ontology/Species
Ronald_Reagan,starring,Ronald_Reagan,incoming,http://dbpedia.org/ontology/Actor,http://dbpedia.org/ontology/Person; http://dbpedia.org/ontology/Animal; http://dbpedia.org/ontology/Eukaryote; http://dbpedia.org/ontology/Species
Ronald_Reagan,starring,Ronald_Reagan,incoming,http://dbpedia.org/ontology/Actor,http://dbpedia.org/ontology/Person; http://dbpedia.org/ontology/Animal; http://dbpedia.org/ontology/Eukaryote; http://dbpedia.org/ontology/Species
Ronald_Reagan,starring,Ronald_Reagan,incoming,http://dbpedia.org/ontology/Actor,http://dbpedia.org/ontology/Person; http://dbpedia.org/ontology/Animal; http://dbpedia.org/ontology/Eukaryote; http://dbpedia.org/ontology/Species
Ronald_Reagan,starring,Ronald_Reagan,incoming,http://dbpedia.org/ontology/Actor,http://dbpedia.org/ontology/Person; http://dbpedia.org/ontology/Animal; http://dbpedia.org/ontology/Eukaryote; http://dbpedia.org/ontology/Species
Ronald_Reagan,starring,Ronald_Reagan,incoming,http://dbpedia.org/ontology/Actor,http://dbpedia.org/ontology/Person; http://dbpedia.org/ontology/Animal; http://dbpedia.org/ontology/Eukaryote; http://dbpedia.org/ontology/Species
Ronald_Reagan,starring,Ronald_Reagan,incoming,http://dbpedia.org/ontology/Actor,http://dbpedia.org/ontology/Person; http://dbpedia.org/ontology/Animal; http://dbpedia.org/ontology/Eukaryote; http://dbpedia.org/ontology/Species
Ronald_Reagan,starring,Ronald_Reagan,incoming,http://dbpedia.org/ontology/Actor,http://dbpedia.org/ontology/Person; http://dbpedia.org/ontology/Animal; http://dbpedia.org/ontology/Eukaryote; http://dbpedia.org/ontology/Species
Ronald_Reagan,starring,Ronald_Reagan,incoming,http://dbpedia.org/ontology/Actor,http://dbpedia.org/ontology/Person; http://dbpedia.org/ontology/Animal; http://dbpedia.org/ontology/Eukaryote; http://dbpedia.org/ontology/Species
Ronald_Reagan,starring,Ronald_Reagan,incoming,http://dbpedia.org/ontology/Actor,http://dbpedia.org/ontology/Person; http://dbpedia.org/ontology/Animal; http://dbpedia.org/ontology/Eukaryote; http://dbpedia.org/ontology/Species
Ronald_Reagan,starring,Ronald_Reagan,incoming,http://dbpedia.org/ontology/Actor,http://dbpedia.org/ontology/Person; http://dbpedia.org/ontology/Animal; http://dbpedia.org/ontology/Eukaryote; http://dbpedia.org/ontology/Species
Ronald_Reagan,starring,Ronald_Reagan,incoming,http://dbpedia.org/ontology/Actor,http://dbpedia.org/ontology/Person; http://dbpedia.org/ontology/Animal; http://dbpedia.org/ontology/Eukaryote; http://dbpedia.org/ontology/Species
Ronald_Reagan,starring,Ronald_Reagan,incoming,http://dbpedia.org/ontology/Actor,http://dbpedia.org/ontology/Person; http://dbpedia.org/ontology/Animal; http://dbpedia.org/ontology/Eukaryote; http://dbpedia.org/ontology/Species
Ronald_Reagan,starring,Ronald_Reagan,incoming,http://dbpedia.org/ontology/Actor,http://dbpedia.org/ontology/Person; http://dbpedia.org/ontology/Animal; http://dbpedia.org/ontology/Eukaryote; http://dbpedia.org/ontology/Species
Ronald_Reagan,starring,Ronald_Reagan,incoming,http://dbpedia.org/ontology/Actor,http://dbpedia.org/ontology/Person; http://dbpedia.org/ontology/Animal; http://dbpedia.org/ontology/Eukaryote; http://dbpedia.org/ontology/Species
Ronald_Reagan,starring,Ronald_Reagan,incoming,http://dbpedia.org/ontology/Actor,http://dbpedia.org/ontology/Person; http://dbpedia.org/ontology/Animal; http://dbpedia.org/ontology/Eukaryote; http://dbpedia.org/ontology/Species
Ronald_Reagan,starring,Ronald_Reagan,incoming,http://dbpedia.org/ontology/Actor,http://dbpedia.org/ontology/Person; http://dbpedia.org/ontology/Animal; http://dbpedia.org/ontology/Eukaryote; http://dbpedia.org/ontology/Species
Ronald_Reagan,starring,Ronald_Reagan,incoming,http://dbpedia.org/ontology/Actor,http://dbpedia.org/ontology/Person; http://dbpedia.org/ontology/Animal; http://dbpedia.org/ontology/Eukaryote; http://dbpedia.org/ontology/Species
Ronald_Reagan,starring,Ronald_Reagan,incoming,http://dbpedia.org/ontology/Actor,http://dbpedia.org/ontology/Person; http://dbpedia.org/ontology/Animal; http://dbpedia.org/ontology/Eukaryote; http://dbpedia.org/ontology/Species
Ronald_Reagan,starring,Ronald_Reagan,incoming,http://dbpedia.org/ontology/Actor,http://dbpedia.org/ontology/Person; http://dbpedia.org/ontology/Animal; http://dbpedia.org/ontology/Eukaryote; http://dbpedia.org/ontology/Species
Ronald_Reagan,starring,Ronald_Reagan,incoming,http://dbpedia.org/ontology/Actor,http://dbpedia.org/ontology/Person; http://dbpedia.org/ontology/Animal; http://dbpedia.org/ontology/Eukaryote; http://dbpedia.org/ontology/Species
Ronald_Reagan,starring,Ronald_Reagan,incoming,http://dbpedia.org/ontology/Actor,http://dbpedia.org/ontology/Person; http://dbpedia.org/ontology/Animal; http://dbpedia.org/ontology/Eukaryote; http://dbpedia.org/ontology/Species
Rutherford_B._Hayes,party,Republican_Party_(United_States),outgoing,http://dbpedia.org/ontology/PoliticalParty,http://dbpedia.org/ontology/Agent; http://dbpedia.org/ontology/Organisation
Rutherford_B._Hayes,party,Whig_Party_(United_States),outgoing,http://dbpedia.org/ontology/PoliticalParty,http://dbpedia.org/ontology/Agent; http://dbpedia.org/ontology/Organisation
Rutherford_B._Hayes,relation,John_Humphrey_Noyes,outgoing,http://dbpedia.org/ontology/Person,http://dbpedia.org/ontology/Animal; http://dbpedia.org/ontology/Eukaryote; http://dbpedia.org/ontology/Species
Rutherford_B._Hayes,restingPlace,Spiegel_Grove,outgoing,http://dbpedia.org/ontology/Place,http://dbpedia.org/ontology/ArchitecturalStructure
Theodore_Roosevelt,award,Nobel_Peace_Prize,outgoing,http://dbpedia.org/ontology/Award,
Theodore_Roosevelt,party,Republican_Party_(United_States),outgoing,http://dbpedia.org/ontology/PoliticalParty,http://dbpedia.org/ontology/Agent; http://dbpedia.org/ontology/Organisation
Theodore_Roosevelt,relation,Roosevelt_family,outgoing,http://dbpedia.org/ontology/Person,http://dbpedia.org/ontology/Agent; http://dbpedia.org/ontology/Family
Theodore_Roosevelt,spouse,107th_New_York_State_Legislature,outgoing,http://dbpedia.org/ontology/Person,
Theodore_Roosevelt,spouse,Alice_Hathaway_Lee_Roosevelt,outgoing,http://dbpedia.org/ontology/Person,http://dbpedia.org/ontology/Animal; http://dbpedia.org/ontology/Eukaryote; http://dbpedia.org/ontology/Species
Theodore_Roosevelt,basedOn,Theodore_Roosevelt,incoming,http://dbpedia.org/ontology/Work,http://dbpedia.org/ontology/Person; http://dbpedia.org/ontology/Animal; http://dbpedia.org/ontology/Eukaryote; http://dbpedia.org/ontology/Species
Theodore_Roosevelt,basedOn,Theodore_Roosevelt,incoming,http://dbpedia.org/ontology/Work,http://dbpedia.org/ontology/Person; http://dbpedia.org/ontology/Animal; http://dbpedia.org/ontology/Eukaryote; http://dbpedia.org/ontology/Species
Theodore_Roosevelt,editor,Theodore_Roosevelt,incoming,http://dbpedia.org/ontology/Agent,http://dbpedia.org/ontology/Person; http://dbpedia.org/ontology/Animal; http://dbpedia.org/ontology/Eukaryote; http://dbpedia.org/ontology/Species
Theodore_Roosevelt,foundedBy,Theodore_Roosevelt,incoming,http://dbpedia.org/ontology/Agent,http://dbpedia.org/ontology/Person; http://dbpedia.org/ontology/Animal; http://dbpedia.org/ontology/Eukaryote; http://dbpedia.org/ontology/Species
Theodore_Roosevelt,foundedBy,Theodore_Roosevelt,incoming,http://dbpedia.org/ontology/Agent,http://dbpedia.org/ontology/Person; http://dbpedia.org/ontology/Animal; http://dbpedia.org/ontology/Eukaryote; http://dbpedia.org/ontology/Species
Theodore_Roosevelt,starring,Theodore_Roosevelt,incoming,http://dbpedia.org/ontology/Actor,http://dbpedia.org/ontology/Person; http://dbpedia.org/ontology/Animal; http://dbpedia.org/ontology/Eukaryote; http://dbpedia.org/ontology/Species
Thomas_Jefferson,child,Sally_Hemings,outgoing,http://dbpedia.org/ontology/Person,http://dbpedia.org/ontology/Animal; http://dbpedia.org/ontology/Eukaryote; http://dbpedia.org/ontology/Species
Thomas_Jefferson,parent,Jane_Randolph_Jefferson,outgoing,http://dbpedia.org/ontology/Person,http://dbpedia.org/ontology/Animal; http://dbpedia.org/ontology/Eukaryote; http://dbpedia.org/ontology/Species
Thomas_Jefferson,party,Democratic-Republican_Party,outgoing,http://dbpedia.org/ontology/PoliticalParty,http://dbpedia.org/ontology/Agent; http://dbpedia.org/ontology/Organisation
Thomas_Jefferson,architect,Thomas_Jefferson,incoming,http://dbpedia.org/ontology/Architect,http://dbpedia.org/ontology/Person; http://dbpedia.org/ontology/Animal; http://dbpedia.org/ontology/Eukaryote; http://dbpedia.org/ontology/Species
Thomas_Jefferson,architect,Thomas_Jefferson,incoming,http://dbpedia.org/ontology/Architect,http://dbpedia.org/ontology/Person; http://dbpedia.org/ontology/Animal; http://dbpedia.org/ontology/Eukaryote; http://dbpedia.org/ontology/Species
Thomas_Jefferson,architect,Thomas_Jefferson,incoming,http://dbpedia.org/ontology/Architect,http://dbpedia.org/ontology/Person; http://dbpedia.org/ontology/Animal; http://dbpedia.org/ontology/Eukaryote; http://dbpedia.org/ontology/Species
Thomas_Jefferson,architect,Thomas_Jefferson,incoming,http://dbpedia.org/ontology/Architect,http://dbpedia.org/ontology/Person; http://dbpedia.org/ontology/Animal; http://dbpedia.org/ontology/Eukaryote; http://dbpedia.org/ontology/Species
Thomas_Jefferson,architect,Thomas_Jefferson,incoming,http://dbpedia.org/ontology/Architect,http://dbpedia.org/ontology/Person; http://dbpedia.org/ontology/Animal; http://dbpedia.org/ontology/Eukaryote; http://dbpedia.org/ontology/Species
Thomas_Jefferson,architect,Thomas_Jefferson,incoming,http://dbpedia.org/ontology/Architect,http://dbpedia.org/ontology/Person; http://dbpedia.org/ontology/Animal; http://dbpedia.org/ontology/Eukaryote; http://dbpedia.org/ontology/Species
Thomas_Jefferson,architect,Thomas_Jefferson,incoming,http://dbpedia.org/ontology/Architect,http://dbpedia.org/ontology/Person; http://dbpedia.org/ontology/Animal; http://dbpedia.org/ontology/Eukaryote; http://dbpedia.org/ontology/Species
Thomas_Jefferson,architect,Thomas_Jefferson,incoming,http://dbpedia.org/ontology/Architect,http://dbpedia.org/ontology/Person; http://dbpedia.org/ontology/Animal; http://dbpedia.org/ontology/Eukaryote; http://dbpedia.org/ontology/Species
Thomas_Jefferson,architect,Thomas_Jefferson,incoming,http://dbpedia.org/ontology/Architect,http://dbpedia.org/ontology/Person; http://dbpedia.org/ontology/Animal; http://dbpedia.org/ontology/Eukaryote; http://dbpedia.org/ontology/Species
Thomas_Jefferson,notableWork,Thomas_Jefferson,incoming,http://dbpedia.org/ontology/Work,http://dbpedia.org/ontology/Person; http://dbpedia.org/ontology/Animal; http://dbpedia.org/ontology/Eukaryote; http://dbpedia.org/ontology/Species
Thomas_Jefferson,occupation,Thomas_Jefferson,incoming,http://dbpedia.org/ontology/PersonFunction,http://dbpedia.org/ontology/Person; http://dbpedia.org/ontology/Animal; http://dbpedia.org/ontology/Eukaryote; http://dbpedia.org/ontology/Species
Thomas_Jefferson,occupation,Thomas_Jefferson,incoming,http://dbpedia.org/ontology/PersonFunction,http://dbpedia.org/ontology/Person; http://dbpedia.org/ontology/Animal; http://dbpedia.org/ontology/Eukaryote; http://dbpedia.org/ontology/Species
Ulysses_S._Grant,child,Nellie_Grant,outgoing,http://dbpedia.org/ontology/Person,http://dbpedia.org/ontology/Animal; http://dbpedia.org/ontology/Eukaryote; http://dbpedia.org/ontology/Species
Ulysses_S._Grant,parent,Hannah_Simpson_Grant,outgoing,http://dbpedia.org/ontology/Person,http://dbpedia.org/ontology/Animal; http://dbpedia.org/ontology/Eukaryote; http://dbpedia.org/ontology/Species
Ulysses_S._Grant,party,Republican_Party_(United_States),outgoing,http://dbpedia.org/ontology/PoliticalParty,http://dbpedia.org/ontology/Agent; http://dbpedia.org/ontology/Organisation
Ulysses_S._Grant,restingPlace,Grant's_Tomb,outgoing,http://dbpedia.org/ontology/Place,http://dbpedia.org/ontology/ArchitecturalStructure
Ulysses_S._Grant,militaryUnit,Ulysses_S._Grant,incoming,http://dbpedia.org/ontology/MilitaryUnit,http://dbpedia.org/ontology/Person; http://dbpedia.org/ontology/Animal; http://dbpedia.org/ontology/Eukaryote; http://dbpedia.org/ontology/Species
Ulysses_S._Grant,notableWork,Ulysses_S._Grant,incoming,http://dbpedia.org/ontology/Work,http://dbpedia.org/ontology/Person; http://dbpedia.org/ontology/Animal; http://dbpedia.org/ontology/Eukaryote; http://dbpedia.org/ontology/Species
Warren_G._Harding,birthPlace,"Blooming_Grove,_Ohio",outgoing,http://dbpedia.org/ontology/Place,
Warren_G._Harding,child,Elizabeth_Ann_Blaesing,outgoing,http://dbpedia.org/ontology/Person,http://dbpedia.org/ontology/Animal; http://dbpedia.org/ontology/Eukaryote; http://dbpedia.org/ontology/Species
Warren_G._Harding,father,George_Tryon_Harding,outgoing,http://dbpedia.org/ontology/Person,http://dbpedia.org/ontology/Animal; http://dbpedia.org/ontology/Eukaryote; http://dbpedia.org/ontology/Species
Warren_G._Harding,party,Republican_Party_(United_States),outgoing,http://dbpedia.org/ontology/PoliticalParty,http://dbpedia.org/ontology/Agent; http://dbpedia.org/ontology/Organisation
Warren_G._Harding,restingPlace,Harding_Tomb,outgoing,http://dbpedia.org/ontology/Place,http://dbpedia.org/ontology/ArchitecturalStructure
William_Henry_Harrison,relation,Harrison_family_of_Virginia,outgoing,http://dbpedia.org/ontology/Person,http://dbpedia.org/ontology/Agent; http://dbpedia.org/ontology/Family
William_Henry_Harrison,restingPlace,William_Henry_Harrison_Tomb_State_Memorial,outgoing,http://dbpedia.org/ontology/Place,http://dbpedia.org/ontology/ArchitecturalStructure
William_Henry_Harrison,commandStructure,William_Henry_Harrison,incoming,http://dbpedia.org/ontology/MilitaryUnit,http://dbpedia.org/ontology/Person; http://dbpedia.org/ontology/Animal; http://dbpedia.org/ontology/Eukaryote; http://dbpedia.org/ontology/Species
William_Henry_Harrison,militaryUnit,William_Henry_Harrison,incoming,http://dbpedia.org/ontology/MilitaryUnit,http://dbpedia.org/ontology/Person; http://dbpedia.org/ontology/Animal; http://dbpedia.org/ontology/Eukaryote; http://dbpedia.org/ontology/Species
William_Howard_Taft,birthPlace,United_States_Reports,outgoing,http://dbpedia.org/ontology/Place,
William_Howard_Taft,deathPlace,United_States_Reports,outgoing,http://dbpedia.org/ontology/Place,
William_Howard_Taft,parent,Louise_Taft,outgoing,http://dbpedia.org/ontology/Person,http://dbpedia.org/ontology/Animal; http://dbpedia.org/ontology/Eukaryote; http://dbpedia.org/ontology/Species
William_Howard_Taft,party,Republican_Party_(United_States),outgoing,http://dbpedia.org/ontology/PoliticalParty,http://dbpedia.org/ontology/Agent; http://dbpedia.org/ontology/Organisation
William_Howard_Taft,relation,Taft_family,outgoing,http://dbpedia.org/ontology/Person,
William_McKinley,father,William_McKinley_Sr.,outgoing,http://dbpedia.org/ontology/Person,http://dbpedia.org/ontology/Animal; http://dbpedia.org/ontology/Eukaryote; http://dbpedia.org/ontology/Species
William_McKinley,party,Republican_Party_(United_States),outgoing,http://dbpedia.org/ontology/PoliticalParty,http://dbpedia.org/ontology/Agent; http://dbpedia.org/ontology/Organisation
William_McKinley,restingPlace,"Canton,_Ohio",outgoing,http://dbpedia.org/ontology/Place,
William_McKinley,starring,William_McKinley,incoming,http://dbpedia.org/ontology/Actor,http://dbpedia.org/ontology/Person; http://dbpedia.org/ontology/Animal; http://dbpedia.org/ontology/Eukaryote; http://dbpedia.org/ontology/Species
Woodrow_Wilson,award,Nobel_Peace_Prize,outgoing,http://dbpedia.org/ontology/Award,
Woodrow_Wilson,party,Democratic_Party_(United_States),outgoing,http://dbpedia.org/ontology/PoliticalParty,http://dbpedia.org/ontology/Agent; http://dbpedia.org/ontology/Organisation
Woodrow_Wilson,restingPlace,Washington_National_Cathedral,outgoing,http://dbpedia.org/ontology/Place,http://dbpedia.org/ontology/ArchitecturalStructure; http://dbpedia.org/ontology/HistoricBuilding
Woodrow_Wilson,foundedBy,Woodrow_Wilson,incoming,http://dbpedia.org/ontology/Agent,http://dbpedia.org/ontology/Person; http://dbpedia.org/ontology/Animal; http://dbpedia.org/ontology/Eukaryote; http://dbpedia.org/ontology/Species
Zachary_Taylor,award,Congressional_Gold_Medal,outgoing,http://dbpedia.org/ontology/Award,
Zachary_Taylor,award,Thanks_of_Congress,outgoing,http://dbpedia.org/ontology/Award,
Zachary_Taylor,birthPlace,"Barboursville,_Virginia",outgoing,http://dbpedia.org/ontology/Place,
Zachary_Taylor,child,Mary_Elizabeth_Bliss,outgoing,http://dbpedia.org/ontology/Person,http://dbpedia.org/ontology/Animal; http://dbpedia.org/ontology/Eukaryote; http://dbpedia.org/ontology/Species
Zachary_Taylor,child,Sarah_Knox_Taylor,outgoing,http://dbpedia.org/ontology/Person,http://dbpedia.org/ontology/Animal; http://dbpedia.org/ontology/Eukaryote; http://dbpedia.org/ontology/Species
Zachary_Taylor,deathPlace,"Washington_County,_D.C.",outgoing,http://dbpedia.org/ontology/Place,
Zachary_Taylor,party,Whig_Party_(United_States),outgoing,http://dbpedia.org/ontology/PoliticalParty,http://dbpedia.org/ontology/Agent; http://dbpedia.org/ontology/Organisation
Zachary_Taylor,restingPlace,Zachary_Taylor_National_Cemetery,outgoing,http://dbpedia.org/ontology/Place,http://dbpedia.org/ontology/ArchitecturalStructure
